seqnames	start	end	width	strand	peakNames	peak	feature	start_position	end_position	feature_strand	insideFeature	distancetoFeature	shortestDistance	fromOverlappingOrNearest	symbol
chr1	8790101	8790343	243	*	c("macs_DMSO2__DMSO_2_new_peak_10", "macs_DMSO1__DMSO_1_new_peak_14")	001	ENSG00000234619	8800490	8820489	+	upstream	-10389	10147	NearestLocation	NA
chr1	24716278	24716481	204	*	c("macs_DMSO1__DMSO_1_new_peak_48", "macs_DMSO2__DMSO_2_new_peak_42")	002	ENSG00000001461	24732285	24752284	+	upstream	-16007	15804	NearestLocation	NIPAL3
chr1	33229009	33229258	250	*	c("macs_DMSO1__DMSO_1_new_peak_59", "macs_DMSO2__DMSO_2_new_peak_57")	003	ENSG00000224409	33180839	33200838	-	upstream	-28171	28171	NearestLocation	NA
chr1	34108891	34109183	293	*	c("macs_DMSO1__DMSO_1_new_peak_62", "macs_DMSO2__DMSO_2_new_peak_61")	004	ENSG00000235907	33967609	33987608	+	downstream	141282	121283	NearestLocation	NA
chr1	60560376	60560618	243	*	c("macs_DMSO2__DMSO_2_new_peak_114", "macs_DMSO1__DMSO_1_new_peak_110")	005	ENSG00000229332	60553083	60573082	+	inside	7293	7293	NearestLocation	NA
chr1	71873458	71873786	329	*	c("macs_DMSO2__DMSO_2_new_peak_140", "macs_DMSO1__DMSO_1_new_peak_136")	006	ENSG00000227126	71857531	71877530	+	inside	15927	3744	NearestLocation	NA
chr1	94050802	94051069	268	*	c("macs_DMSO1__DMSO_1_new_peak_186", "macs_DMSO2__DMSO_2_new_peak_190")	007	ENSG00000224093	94047757	94067756	+	inside	3045	3045	NearestLocation	NA
chr1	111341586	111341874	289	*	c("macs_DMSO1__DMSO_1_new_peak_223", "macs_DMSO2__DMSO_2_new_peak_231")	008	ENSG00000199710	111297129	111317128	-	upstream	-24458	24458	NearestLocation	NA
chr1	116423989	116424201	213	*	c("macs_DMSO2__DMSO_2_new_peak_244", "macs_DMSO1__DMSO_1_new_peak_232")	009	ENSG00000214204	116390441	116410440	-	upstream	-13549	13549	NearestLocation	NA
chr1	151569040	151569305	266	*	c("macs_DMSO1__DMSO_1_new_peak_252", "macs_DMSO2__DMSO_2_new_peak_267")	010	ENSG00000143376	151574542	151594541	+	upstream	-5502	5237	NearestLocation	SNX27
chr1	152118842	152119112	271	*	c("macs_DMSO1__DMSO_1_new_peak_254", "macs_DMSO2__DMSO_2_new_peak_269")	011	ENSG00000233792	152087557	152107556	-	upstream	-11286	11286	NearestLocation	NA
chr1	152118842	152119112	271	*	c("macs_DMSO1__DMSO_1_new_peak_254", "macs_DMSO2__DMSO_2_new_peak_269")	011	ENSG00000215853	152121705	152141704	-	downstream	22862	2593	Overlapping	RPTN
chr1	163553635	163553848	214	*	c("macs_DMSO2__DMSO_2_new_peak_294", "macs_DMSO1__DMSO_1_new_peak_280")	012	ENSG00000212527	163469275	163489274	+	downstream	84360	64361	NearestLocation	NA
chr1	180043010	180043221	212	*	c("macs_DMSO2__DMSO_2_new_peak_331", "macs_DMSO1__DMSO_1_new_peak_318")	013	ENSG00000231016	180083026	180103025	-	downstream	60015	39805	NearestLocation	NA
chr1	182239962	182240215	254	*	c("macs_DMSO1__DMSO_1_new_peak_322", "macs_DMSO2__DMSO_2_new_peak_337")	014	ENSG00000206764	182286204	182306203	+	upstream	-46242	45989	NearestLocation	NA
chr1	188748651	188748855	205	*	c("macs_DMSO2__DMSO_2_new_peak_362", "macs_DMSO1__DMSO_1_new_peak_346")	015	ENSG00000237283	188670012	188690011	-	upstream	-58640	58640	NearestLocation	NA
chr1	202537894	202538142	249	*	c("macs_DMSO1__DMSO_1_new_peak_368", "macs_DMSO2__DMSO_2_new_peak_387")	016	ENSG00000226862	202563397	202583396	+	upstream	-25503	25255	NearestLocation	NA
chr1	214689877	214690103	227	*	c("macs_DMSO2__DMSO_2_new_peak_415", "macs_DMSO1__DMSO_1_new_peak_395")	017	ENSG00000215819	214695539	214715538	+	upstream	-5662	5436	NearestLocation	NA
chr1	220408874	220409056	183	*	c("macs_DMSO2__DMSO_2_new_peak_426", "macs_DMSO1__DMSO_1_new_peak_409")	018	ENSG00000218283	220416913	220436912	+	upstream	-8039	7857	NearestLocation	NA
chr1	231086217	231086454	238	*	c("macs_DMSO2__DMSO_2_new_peak_455", "macs_DMSO1__DMSO_1_new_peak_436")	019	ENSG00000173409	231104728	231124727	+	upstream	-18511	18274	NearestLocation	ARV1
chr1	231820170	231820437	268	*	c("macs_DMSO2__DMSO_2_new_peak_457", "macs_DMSO1__DMSO_1_new_peak_438")	020	ENSG00000222986	231796382	231816381	+	downstream	23788	3789	NearestLocation	NA
chr10	13899673	13899856	184	*	c("macs_DMSO2__DMSO_2_new_peak_507", "macs_DMSO1__DMSO_1_new_peak_493")	021	ENSG00000215227	13902798	13922797	+	upstream	-3125	2942	NearestLocation	NA
chr10	14619703	14620011	309	*	c("macs_DMSO2__DMSO_2_new_peak_509", "macs_DMSO1__DMSO_1_new_peak_496")	022	ENSG00000247647	14560199	14580198	+	downstream	59504	39505	NearestLocation	NA
chr10	19902987	19903155	169	*	c("macs_DMSO1__DMSO_1_new_peak_506", "macs_DMSO2__DMSO_2_new_peak_514")	023	ENSG00000200545	19877177	19897176	+	downstream	25810	5811	NearestLocation	NA
chr10	22254463	22254777	315	*	c("macs_DMSO1__DMSO_1_new_peak_509", "macs_DMSO2__DMSO_2_new_peak_518")	024	ENSG00000201364	22212073	22232072	+	downstream	42390	22391	NearestLocation	NA
chr10	31432678	31432931	254	*	c("macs_DMSO2__DMSO_2_new_peak_540", "macs_DMSO1__DMSO_1_new_peak_526")	025	ENSG00000183621	31310867	31330866	-	upstream	-101812	101812	NearestLocation	ZNF438
chr10	50712636	50712923	288	*	c("macs_DMSO2__DMSO_2_new_peak_561", "macs_DMSO1__DMSO_1_new_peak_547")	026	ENSG00000243251	50737148	50757147	-	downstream	44511	24225	NearestLocation	NA
chr10	51052931	51053167	237	*	c("macs_DMSO2__DMSO_2_new_peak_563", "macs_DMSO1__DMSO_1_new_peak_549")	027	ENSG00000245111	51016332	51036331	+	downstream	36599	16600	NearestLocation	NA
chr10	56626605	56626784	180	*	c("macs_DMSO1__DMSO_1_new_peak_555", "macs_DMSO2__DMSO_2_new_peak_570")	028	ENSG00000236958	56618883	56638882	-	inside	12277	7722	NearestLocation	NA
chr10	61214156	61214427	272	*	c("macs_DMSO1__DMSO_1_new_peak_570", "macs_DMSO2__DMSO_2_new_peak_583")	029	ENSG00000148541	61112662	61132661	-	upstream	-81495	81495	NearestLocation	FAM13C
chr10	62055210	62055395	186	*	c("macs_DMSO2__DMSO_2_new_peak_588", "macs_DMSO1__DMSO_1_new_peak_574")	030	ENSG00000151150	62139489	62159488	-	downstream	104278	84094	NearestLocation	ANK3
chr10	62541461	62541764	304	*	c("macs_DMSO1__DMSO_1_new_peak_580", "macs_DMSO2__DMSO_2_new_peak_594")	031	ENSG00000170312	62528102	62548101	+	inside	13359	6337	NearestLocation	CDK1
chr10	66333480	66333648	169	*	c("macs_DMSO1__DMSO_1_new_peak_589", "macs_DMSO2__DMSO_2_new_peak_608")	032	ENSG00000233900	66370680	66390679	-	downstream	57199	37032	NearestLocation	NA
chr10	76014466	76014689	224	*	c("macs_DMSO2__DMSO_2_new_peak_627", "macs_DMSO1__DMSO_1_new_peak_608")	033	ENSG00000245663	76035374	76055373	+	upstream	-20908	20685	NearestLocation	NA
chr10	80185888	80186275	388	*	c("macs_DMSO1__DMSO_1_new_peak_626", "macs_DMSO2__DMSO_2_new_peak_643")	034	ENSG00000201393	80117265	80137264	+	downstream	68623	48624	NearestLocation	NA
chr10	91654894	91655180	287	*	c("macs_DMSO1__DMSO_1_new_peak_641", "macs_DMSO2__DMSO_2_new_peak_665")	035	ENSG00000226159	91707131	91727130	-	downstream	72236	51951	NearestLocation	LINC01375
chr10	115922379	115922610	232	*	c("macs_DMSO2__DMSO_2_new_peak_716", "macs_DMSO1__DMSO_1_new_peak_691")	036	ENSG00000165813	115923980	115943979	-	downstream	21600	1370	Overlapping	CCDC186
chr10	115922379	115922610	232	*	c("macs_DMSO2__DMSO_2_new_peak_716", "macs_DMSO1__DMSO_1_new_peak_691")	036	ENSG00000238742	115923939	115943938	-	downstream	21559	1329	Overlapping	NA
chr10	115922379	115922610	232	*	c("macs_DMSO2__DMSO_2_new_peak_716", "macs_DMSO1__DMSO_1_new_peak_691")	036	ENSG00000095627	115929030	115949029	+	upstream	-6651	6420	NearestLocation	TDRD1
chr10	121037467	121037680	214	*	c("macs_DMSO2__DMSO_2_new_peak_727", "macs_DMSO1__DMSO_1_new_peak_705")	037	ENSG00000236426	121085543	121105542	-	downstream	68075	47863	NearestLocation	NA
chr10	128842539	128842774	236	*	c("macs_DMSO2__DMSO_2_new_peak_745", "macs_DMSO1__DMSO_1_new_peak_726")	038	ENSG00000223528	128814688	128834687	-	upstream	-7852	7852	NearestLocation	NA
chr10	128956285	128956507	223	*	c("macs_DMSO1__DMSO_1_new_peak_727", "macs_DMSO2__DMSO_2_new_peak_747")	039	ENSG00000188916	128984423	129004422	-	downstream	48137	27916	NearestLocation	INSYN2A
chr10	132912042	132912254	213	*	c("macs_DMSO2__DMSO_2_new_peak_753", "macs_DMSO1__DMSO_1_new_peak_733")	040	ENSG00000223835	132887969	132907968	+	downstream	24073	4074	NearestLocation	NA
chr10	134448275	134448527	253	*	c("macs_DMSO1__DMSO_1_new_peak_734", "macs_DMSO2__DMSO_2_new_peak_754")	041	ENSG00000229081	134325954	134345953	-	upstream	-102322	102322	NearestLocation	NA
chr11	3180544	3180816	273	*	c("macs_DMSO1__DMSO_1_new_peak_741", "macs_DMSO2__DMSO_2_new_peak_761")	042	ENSG00000021762	3176583	3196582	-	inside	16038	3961	NearestLocation	OSBPL5
chr11	4610380	4610647	268	*	c("macs_DMSO1__DMSO_1_new_peak_744", "macs_DMSO2__DMSO_2_new_peak_764")	043	ENSG00000171987	4589051	4609050	-	upstream	-1330	1330	NearestLocation	C11orf40
chr11	4610380	4610647	268	*	c("macs_DMSO1__DMSO_1_new_peak_744", "macs_DMSO2__DMSO_2_new_peak_764")	043	ENSG00000226288	4598022	4618021	+	inside	12358	7374	Overlapping	OR52I2
chr11	4610380	4610647	268	*	c("macs_DMSO1__DMSO_1_new_peak_744", "macs_DMSO2__DMSO_2_new_peak_764")	043	ENSG00000232268	4604981	4624980	+	inside	5399	5399	Overlapping	OR52I1
chr11	12556052	12556375	324	*	c("macs_DMSO1__DMSO_1_new_peak_773", "macs_DMSO2__DMSO_2_new_peak_788")	044	ENSG00000187079	12685970	12705969	+	upstream	-129918	129595	NearestLocation	TEAD1
chr11	31012177	31012449	273	*	c("macs_DMSO2__DMSO_2_new_peak_831", "macs_DMSO1__DMSO_1_new_peak_818")	045	ENSG00000170959	31139213	31159212	-	downstream	147035	126764	NearestLocation	DCDC1
chr11	33818273	33818501	229	*	c("macs_DMSO2__DMSO_2_new_peak_835", "macs_DMSO1__DMSO_1_new_peak_824")	046	ENSG00000110429	33786072	33806071	-	upstream	-12202	12202	NearestLocation	FBXO3
chr11	41800991	41801265	275	*	c("macs_DMSO1__DMSO_1_new_peak_848", "macs_DMSO2__DMSO_2_new_peak_862")	047	ENSG00000242729	41549985	41569984	+	downstream	251006	231007	NearestLocation	NA
chr11	43671567	43671895	329	*	c("macs_DMSO1__DMSO_1_new_peak_854", "macs_DMSO2__DMSO_2_new_peak_870")	048	ENSG00000246995	43655789	43675788	+	inside	15778	3893	NearestLocation	NA
chr11	49499216	49499564	349	*	c("macs_DMSO2__DMSO_2_new_peak_877", "macs_DMSO1__DMSO_1_new_peak_865")	049	ENSG00000226268	49445991	49465990	-	upstream	-33226	33226	NearestLocation	NA
chr11	75348299	75348524	226	*	c("macs_DMSO1__DMSO_1_new_peak_908", "macs_DMSO2__DMSO_2_new_peak_914")	050	ENSG00000245944	75368710	75388709	+	upstream	-20411	20186	NearestLocation	NA
chr11	82587322	82587584	263	*	c("macs_DMSO1__DMSO_1_new_peak_926", "macs_DMSO2__DMSO_2_new_peak_935")	051	ENSG00000165490	82615732	82635731	+	upstream	-28410	28148	NearestLocation	DDIAS
chr11	102384682	102384928	247	*	c("macs_DMSO1__DMSO_1_new_peak_964", "macs_DMSO2__DMSO_2_new_peak_977")	052	ENSG00000137673	102391459	102411458	-	downstream	26776	6531	NearestLocation	MMP7
chr11	111498401	111498613	213	*	c("macs_DMSO1__DMSO_1_new_peak_986", "macs_DMSO2__DMSO_2_new_peak_999")	053	ENSG00000170145	111463193	111483192	+	downstream	35208	15209	NearestLocation	SIK2
chr11	115091249	115091424	176	*	c("macs_DMSO2__DMSO_2_new_peak_1012", "macs_DMSO1__DMSO_1_new_peak_1002")	054	ENSG00000182985	115365113	115385112	-	downstream	293863	273689	NearestLocation	CADM1
chr11	124495117	124495401	285	*	c("macs_DMSO1__DMSO_1_new_peak_1018", "macs_DMSO2__DMSO_2_new_peak_1032")	055	ENSG00000154143	124471454	124491453	+	downstream	23663	3664	Overlapping	PANX3
chr11	124495117	124495401	285	*	c("macs_DMSO1__DMSO_1_new_peak_1018", "macs_DMSO2__DMSO_2_new_peak_1032")	055	ENSG00000154144	124482772	124502771	+	inside	12345	7370	Overlapping	TBRG1
chr11	124495117	124495401	285	*	c("macs_DMSO1__DMSO_1_new_peak_1018", "macs_DMSO2__DMSO_2_new_peak_1032")	055	ENSG00000200278	124496356	124516355	+	upstream	-1239	955	NearestLocation	NA
chr12	1684189	1684383	195	*	c("macs_DMSO1__DMSO_1_new_peak_1051", "macs_DMSO2__DMSO_2_new_peak_1061")	056	ENSG00000246488	1690561	1710560	+	upstream	-6372	6178	NearestLocation	NA
chr12	4816579	4816798	220	*	c("macs_DMSO1__DMSO_1_new_peak_1056", "macs_DMSO2__DMSO_2_new_peak_1066")	057	ENSG00000130035	4819753	4839752	+	upstream	-3174	2955	NearestLocation	GALNT8;KCNA6
chr12	6181610	6181829	220	*	c("macs_DMSO1__DMSO_1_new_peak_1060", "macs_DMSO2__DMSO_2_new_peak_1068")	058	ENSG00000240533	6195137	6215136	-	downstream	33526	13308	NearestLocation	NA
chr12	12932555	12932812	258	*	c("macs_DMSO1__DMSO_1_new_peak_1065", "macs_DMSO2__DMSO_2_new_peak_1076")	059	ENSG00000207983	12907584	12927583	+	downstream	24971	4972	Overlapping	MIR613
chr12	12932555	12932812	258	*	c("macs_DMSO1__DMSO_1_new_peak_1065", "macs_DMSO2__DMSO_2_new_peak_1076")	059	ENSG00000213782	12956281	12976280	+	upstream	-23726	23469	NearestLocation	DDX47
chr12	29879751	29879934	184	*	c("macs_DMSO1__DMSO_1_new_peak_1089", "macs_DMSO2__DMSO_2_new_peak_1107")	060	ENSG00000242986	29801732	29821731	-	upstream	-58020	58020	NearestLocation	NA
chr12	30590070	30590284	215	*	c("macs_DMSO2__DMSO_2_new_peak_1111", "macs_DMSO1__DMSO_1_new_peak_1092")	061	ENSG00000240931	30449459	30469458	-	upstream	-120612	120612	NearestLocation	NA
chr12	53076791	53077040	250	*	c("macs_DMSO1__DMSO_1_new_peak_1121", "macs_DMSO2__DMSO_2_new_peak_1143")	062	ENSG00000167768	53064192	53084191	-	inside	7400	7151	Overlapping	KRT1
chr12	53076791	53077040	250	*	c("macs_DMSO1__DMSO_1_new_peak_1121", "macs_DMSO2__DMSO_2_new_peak_1143")	062	ENSG00000247874	53073398	53093397	+	inside	3393	3393	NearestLocation	NA
chr12	53963160	53963367	208	*	c("macs_DMSO1__DMSO_1_new_peak_1124", "macs_DMSO2__DMSO_2_new_peak_1147")	063	ENSG00000139574	53891423	53911422	-	upstream	-51738	51738	NearestLocation	NPFF
chr12	65288864	65289099	236	*	c("macs_DMSO1__DMSO_1_new_peak_1147", "macs_DMSO2__DMSO_2_new_peak_1175")	064	ENSG00000243020	65252480	65272479	-	upstream	-16385	16385	NearestLocation	NA
chr12	66024367	66024650	284	*	c("macs_DMSO1__DMSO_1_new_peak_1151", "macs_DMSO2__DMSO_2_new_peak_1179")	065	ENSG00000213344	66030239	66050238	-	downstream	25871	5589	NearestLocation	NA
chr12	79781801	79782028	228	*	c("macs_DMSO1__DMSO_1_new_peak_1173", "macs_DMSO2__DMSO_2_new_peak_1206")	066	ENSG00000221788	79803038	79823037	+	upstream	-21237	21010	NearestLocation	MIR1252
chr12	81795330	81795543	214	*	c("macs_DMSO2__DMSO_2_new_peak_1214", "macs_DMSO1__DMSO_1_new_peak_1182")	067	ENSG00000139220	81982100	82002099	-	downstream	206769	186557	NearestLocation	PPFIA2
chr12	90457712	90457956	245	*	c("macs_DMSO1__DMSO_1_new_peak_1197", "macs_DMSO2__DMSO_2_new_peak_1234")	068	ENSG00000241415	90110712	90130711	+	downstream	347000	327001	NearestLocation	NA
chr12	92087047	92087297	251	*	c("macs_DMSO2__DMSO_2_new_peak_1236", "macs_DMSO1__DMSO_1_new_peak_1199")	069	ENSG00000246841	92524075	92544074	+	upstream	-437028	436778	NearestLocation	NA
chr12	92424523	92424718	196	*	c("macs_DMSO1__DMSO_1_new_peak_1201", "macs_DMSO2__DMSO_2_new_peak_1238")	070	ENSG00000246841	92524075	92544074	+	upstream	-99552	99357	NearestLocation	NA
chr12	95653288	95653488	201	*	c("macs_DMSO2__DMSO_2_new_peak_1244", "macs_DMSO1__DMSO_1_new_peak_1205")	071	ENSG00000202470	95659547	95679546	+	upstream	-6259	6059	NearestLocation	NA
chr12	96020849	96021036	188	*	c("macs_DMSO2__DMSO_2_new_peak_1245", "macs_DMSO1__DMSO_1_new_peak_1206")	072	ENSG00000212448	96001466	96021465	+	inside	19383	429	NearestLocation	NA
chr12	96442193	96442409	217	*	c("macs_DMSO2__DMSO_2_new_peak_1246", "macs_DMSO1__DMSO_1_new_peak_1209")	073	ENSG00000111144	96427154	96447153	-	inside	4960	4744	NearestLocation	LTA4H
chr12	99947299	99947523	225	*	c("macs_DMSO1__DMSO_1_new_peak_1214", "macs_DMSO2__DMSO_2_new_peak_1252")	074	ENSG00000180219	100031532	100051531	+	upstream	-84233	84009	NearestLocation	FAM71C
chr12	100093230	100093467	238	*	c("macs_DMSO2__DMSO_2_new_peak_1253", "macs_DMSO1__DMSO_1_new_peak_1215")	075	ENSG00000180219	100031532	100051531	+	downstream	61698	41699	NearestLocation	FAM71C
chr12	104607710	104607895	186	*	c("macs_DMSO2__DMSO_2_new_peak_1267", "macs_DMSO1__DMSO_1_new_peak_1229")	076	ENSG00000198431	104599560	104619559	+	inside	8150	8150	NearestLocation	TXNRD1
chr13	24540747	24540977	231	*	c("macs_DMSO2__DMSO_2_new_peak_1312", "macs_DMSO1__DMSO_1_new_peak_1268")	077	ENSG00000228741	24543950	24563949	+	upstream	-3203	2973	NearestLocation	SPATA13
chr13	24777845	24778081	237	*	c("macs_DMSO2__DMSO_2_new_peak_1314", "macs_DMSO1__DMSO_1_new_peak_1270")	078	ENSG00000182957	24724862	24744861	+	downstream	52983	32984	NearestLocation	SPATA13
chr13	33508484	33508719	236	*	c("macs_DMSO1__DMSO_1_new_peak_1288", "macs_DMSO2__DMSO_2_new_peak_1332")	079	ENSG00000226968	33475789	33495788	-	upstream	-12696	12696	NearestLocation	NA
chr13	43434027	43434255	229	*	c("macs_DMSO2__DMSO_2_new_peak_1359", "macs_DMSO1__DMSO_1_new_peak_1310")	080	ENSG00000229546	43407024	43427023	-	upstream	-7004	7004	NearestLocation	NA
chr13	45427728	45427939	212	*	c("macs_DMSO2__DMSO_2_new_peak_1365", "macs_DMSO1__DMSO_1_new_peak_1315")	081	ENSG00000235097	45373767	45393766	-	upstream	-33962	33962	NearestLocation	LINC00330
chr13	50940857	50941103	247	*	c("macs_DMSO2__DMSO_2_new_peak_1380", "macs_DMSO1__DMSO_1_new_peak_1332")	082	ENSG00000223676	50925900	50945899	-	inside	5042	4796	NearestLocation	NA
chr13	50940857	50941103	247	*	c("macs_DMSO2__DMSO_2_new_peak_1380", "macs_DMSO1__DMSO_1_new_peak_1332")	082	ENSG00000221198	50927285	50947284	+	inside	13572	6181	Overlapping	NA
chr13	51609030	51609291	262	*	c("macs_DMSO1__DMSO_1_new_peak_1334", "macs_DMSO2__DMSO_2_new_peak_1382")	083	ENSG00000222920	51591989	51611988	-	inside	2958	2697	NearestLocation	NA
chr13	51609030	51609291	262	*	c("macs_DMSO1__DMSO_1_new_peak_1334", "macs_DMSO2__DMSO_2_new_peak_1382")	083	ENSG00000243068	51591989	51611988	-	inside	2958	2697	NearestLocation	NA
chr13	62615009	62615202	194	*	c("macs_DMSO1__DMSO_1_new_peak_1356", "macs_DMSO2__DMSO_2_new_peak_1403")	084	ENSG00000229578	62593682	62613681	-	upstream	-1328	1328	NearestLocation	LINC00358
chr13	76377243	76377473	231	*	c("macs_DMSO1__DMSO_1_new_peak_1369", "macs_DMSO2__DMSO_2_new_peak_1422")	085	ENSG00000178734	76435188	76455187	+	upstream	-57945	57715	NearestLocation	LMO7DN
chr13	77406490	77406717	228	*	c("macs_DMSO2__DMSO_2_new_peak_1424", "macs_DMSO1__DMSO_1_new_peak_1371")	086	ENSG00000246425	77444305	77464304	+	upstream	-37815	37588	NearestLocation	NA
chr13	78948541	78948709	169	*	c("macs_DMSO2__DMSO_2_new_peak_1434", "macs_DMSO1__DMSO_1_new_peak_1382")	087	ENSG00000200686	78919464	78939463	-	upstream	-9078	9078	NearestLocation	NA
chr13	83723674	83723873	200	*	c("macs_DMSO2__DMSO_2_new_peak_1445", "macs_DMSO1__DMSO_1_new_peak_1392")	088	ENSG00000239375	83862302	83882301	-	downstream	158627	138429	NearestLocation	NA
chr13	89066976	89067245	270	*	c("macs_DMSO2__DMSO_2_new_peak_1452", "macs_DMSO1__DMSO_1_new_peak_1399")	089	ENSG00000229443	89183120	89203119	+	upstream	-116144	115875	NearestLocation	NA
chr13	92450150	92450379	230	*	c("macs_DMSO2__DMSO_2_new_peak_1461", "macs_DMSO1__DMSO_1_new_peak_1411")	090	ENSG00000199807	92228189	92248188	+	downstream	221961	201962	NearestLocation	NA
chr13	96311797	96312281	485	*	c("macs_DMSO2__DMSO_2_new_peak_1475", "macs_DMSO1__DMSO_1_new_peak_1422")	091	ENSG00000134874	96286958	96306957	-	upstream	-4840	4840	NearestLocation	DZIP1
chr13	99746319	99746570	252	*	c("macs_DMSO1__DMSO_1_new_peak_1426", "macs_DMSO2__DMSO_2_new_peak_1478")	092	ENSG00000088387	99728880	99748879	-	inside	2560	2309	NearestLocation	DOCK9
chr13	99746319	99746570	252	*	c("macs_DMSO1__DMSO_1_new_peak_1426", "macs_DMSO2__DMSO_2_new_peak_1478")	092	ENSG00000246424	99730074	99750073	+	inside	16245	3503	Overlapping	NA
chr13	108992847	108993070	224	*	c("macs_DMSO2__DMSO_2_new_peak_1499", "macs_DMSO1__DMSO_1_new_peak_1448")	093	ENSG00000223177	108943680	108963679	-	upstream	-29168	29168	NearestLocation	NA
chr13	110382961	110383197	237	*	c("macs_DMSO2__DMSO_2_new_peak_1504", "macs_DMSO1__DMSO_1_new_peak_1454")	094	ENSG00000234854	110370630	110390629	+	inside	12331	7432	NearestLocation	LINC00676
chr14	34672691	34672900	210	*	c("macs_DMSO1__DMSO_1_new_peak_1491", "macs_DMSO2__DMSO_2_new_peak_1547")	095	ENSG00000129521	34628973	34648972	-	upstream	-23719	23719	NearestLocation	EGLN3
chr14	39493463	39493647	185	*	c("macs_DMSO2__DMSO_2_new_peak_1568", "macs_DMSO1__DMSO_1_new_peak_1506")	096	ENSG00000247913	39491148	39511147	+	inside	2315	2315	NearestLocation	NA
chr14	55281932	55282259	328	*	c("macs_DMSO1__DMSO_1_new_peak_1527", "macs_DMSO2__DMSO_2_new_peak_1585")	097	ENSG00000241864	55315934	55335933	+	upstream	-34002	33675	NearestLocation	NA
chr14	68790081	68790299	219	*	c("macs_DMSO1__DMSO_1_new_peak_1558", "macs_DMSO2__DMSO_2_new_peak_1616")	098	ENSG00000240210	68796246	68816245	-	downstream	26164	5947	NearestLocation	NA
chr14	81610911	81611197	287	*	c("macs_DMSO2__DMSO_2_new_peak_1652", "macs_DMSO1__DMSO_1_new_peak_1593")	099	ENSG00000247371	81626836	81646835	+	upstream	-15925	15639	NearestLocation	NA
chr14	86506475	86506681	207	*	c("macs_DMSO1__DMSO_1_new_peak_1610", "macs_DMSO2__DMSO_2_new_peak_1673")	100	ENSG00000205562	85986333	86006332	-	upstream	-500143	500143	NearestLocation	NA
chr14	91846374	91846640	267	*	c("macs_DMSO1__DMSO_1_new_peak_1619", "macs_DMSO2__DMSO_2_new_peak_1685")	101	ENSG00000245268	91840735	91860734	+	inside	5639	5639	NearestLocation	NA
chr15	33526374	33526558	185	*	c("macs_DMSO1__DMSO_1_new_peak_1667", "macs_DMSO2__DMSO_2_new_peak_1722")	102	ENSG00000215296	33528805	33548804	-	downstream	22430	2247	NearestLocation	NA
chr15	39747887	39748103	217	*	c("macs_DMSO1__DMSO_1_new_peak_1678", "macs_DMSO2__DMSO_2_new_peak_1735")	103	ENSG00000137801	39863128	39883127	+	upstream	-115241	115025	NearestLocation	THBS1
chr15	52728605	52728953	349	*	c("macs_DMSO1__DMSO_1_new_peak_1709", "macs_DMSO2__DMSO_2_new_peak_1775")	104	ENSG00000231169	52787387	52807386	+	upstream	-58782	58434	NearestLocation	NA
chr15	56246560	56246781	222	*	c("macs_DMSO1__DMSO_1_new_peak_1719", "macs_DMSO2__DMSO_2_new_peak_1787")	105	ENSG00000238513	56238003	56258002	-	inside	11442	8557	NearestLocation	NA
chr15	56246560	56246781	222	*	c("macs_DMSO1__DMSO_1_new_peak_1719", "macs_DMSO2__DMSO_2_new_peak_1787")	105	ENSG00000239599	56238003	56258002	-	inside	11442	8557	NearestLocation	NA
chr15	58267309	58267512	204	*	c("macs_DMSO2__DMSO_2_new_peak_1795", "macs_DMSO1__DMSO_1_new_peak_1723")	106	ENSG00000245722	58347424	58367423	+	upstream	-80115	79912	NearestLocation	NA
chr15	61044871	61045086	216	*	c("macs_DMSO2__DMSO_2_new_peak_1807", "macs_DMSO1__DMSO_1_new_peak_1732")	107	ENSG00000212625	61018969	61038968	+	downstream	25902	5903	NearestLocation	NA
chr15	71748411	71748593	183	*	c("macs_DMSO1__DMSO_1_new_peak_1767", "macs_DMSO2__DMSO_2_new_peak_1834")	108	ENSG00000212664	71624081	71644080	-	upstream	-104331	104331	NearestLocation	NA
chr15	71919006	71919482	477	*	c("macs_DMSO1__DMSO_1_new_peak_1769", "macs_DMSO2__DMSO_2_new_peak_1835")	109	ENSG00000031544	72092895	72112894	+	upstream	-173889	173413	NearestLocation	NA
chr15	78109907	78110107	201	*	c("macs_DMSO2__DMSO_2_new_peak_1845", "macs_DMSO1__DMSO_1_new_peak_1784")	110	ENSG00000225033	78198269	78218268	-	downstream	108361	88162	NearestLocation	NA
chr15	78721923	78722143	221	*	c("macs_DMSO1__DMSO_1_new_peak_1785", "macs_DMSO2__DMSO_2_new_peak_1847")	111	ENSG00000136381	78720532	78740531	+	inside	1391	1391	NearestLocation	IREB2
chr15	89807272	89807511	240	*	c("macs_DMSO2__DMSO_2_new_peak_1873", "macs_DMSO1__DMSO_1_new_peak_1813")	112	ENSG00000140525	89777181	89797180	+	downstream	30091	10092	NearestLocation	FANCI
chr15	91404527	91404743	217	*	c("macs_DMSO1__DMSO_1_new_peak_1818", "macs_DMSO2__DMSO_2_new_peak_1878")	113	ENSG00000222771	91389438	91409437	-	inside	4910	4694	Overlapping	NA
chr15	91404527	91404743	217	*	c("macs_DMSO1__DMSO_1_new_peak_1818", "macs_DMSO2__DMSO_2_new_peak_1878")	113	ENSG00000241869	91389435	91409434	-	inside	4907	4691	Overlapping	NA
chr15	91404527	91404743	217	*	c("macs_DMSO1__DMSO_1_new_peak_1818", "macs_DMSO2__DMSO_2_new_peak_1878")	113	ENSG00000140564	91401823	91421822	+	inside	2704	2704	Overlapping	FURIN
chr15	91404527	91404743	217	*	c("macs_DMSO1__DMSO_1_new_peak_1818", "macs_DMSO2__DMSO_2_new_peak_1878")	113	ENSG00000214432	91403149	91423148	+	inside	1378	1378	NearestLocation	VPS33B-DT
chr15	101749158	101749374	217	*	c("macs_DMSO1__DMSO_1_new_peak_1839", "macs_DMSO2__DMSO_2_new_peak_1901")	114	ENSG00000247812	101706127	101726126	+	downstream	43031	23032	NearestLocation	NA
chr16	14182465	14182672	208	*	c("macs_DMSO2__DMSO_2_new_peak_1926", "macs_DMSO1__DMSO_1_new_peak_1866")	115	ENSG00000186260	14163146	14183145	+	inside	19319	473	NearestLocation	MRTFB
chr16	19593836	19594150	315	*	c("macs_DMSO1__DMSO_1_new_peak_1877", "macs_DMSO2__DMSO_2_new_peak_1936")	116	ENSG00000221688	19598622	19618621	-	downstream	24785	4472	NearestLocation	NA
chr16	27567758	27568092	335	*	c("macs_DMSO2__DMSO_2_new_peak_1952", "macs_DMSO1__DMSO_1_new_peak_1888")	117	ENSG00000077235	27551252	27571251	-	inside	3493	3159	NearestLocation	GTF3C1
chr16	27567758	27568092	335	*	c("macs_DMSO2__DMSO_2_new_peak_1952", "macs_DMSO1__DMSO_1_new_peak_1888")	117	ENSG00000047578	27551469	27571468	+	inside	16289	3376	Overlapping	KIAA0556
chr16	76343988	76344181	194	*	c("macs_DMSO1__DMSO_1_new_peak_1944", "macs_DMSO2__DMSO_2_new_peak_2005")	118	ENSG00000240170	76311528	76331527	+	downstream	32460	12461	NearestLocation	NA
chr16	88827019	88827289	271	*	c("macs_DMSO1__DMSO_1_new_peak_1964", "macs_DMSO2__DMSO_2_new_peak_2027")	119	ENSG00000103335	88794192	88814191	-	upstream	-12828	12828	NearestLocation	PIEZO1
chr17	2855570	2855824	255	*	c("macs_DMSO2__DMSO_2_new_peak_2032", "macs_DMSO1__DMSO_1_new_peak_1969")	120	ENSG00000182880	2956956	2976955	-	downstream	121385	101132	NearestLocation	NA
chr17	3039496	3039720	225	*	c("macs_DMSO1__DMSO_1_new_peak_1970", "macs_DMSO2__DMSO_2_new_peak_2033")	121	ENSG00000183024	3020960	3040959	-	inside	1463	1239	NearestLocation	OR1G1
chr17	4660528	4660741	214	*	c("macs_DMSO1__DMSO_1_new_peak_1976", "macs_DMSO2__DMSO_2_new_peak_2038")	122	ENSG00000142484	4665188	4685187	+	upstream	-4660	4447	NearestLocation	TM4SF5
chr17	10601965	10602182	218	*	c("macs_DMSO2__DMSO_2_new_peak_2050", "macs_DMSO1__DMSO_1_new_peak_1987")	123	ENSG00000133028	10590886	10610885	-	inside	8920	8703	NearestLocation	SCO1
chr17	10601965	10602182	218	*	c("macs_DMSO2__DMSO_2_new_peak_2050", "macs_DMSO1__DMSO_1_new_peak_1987")	123	ENSG00000170222	10590932	10610931	+	inside	11033	8749	Overlapping	ADPRM
chr17	31036671	31036850	180	*	c("macs_DMSO1__DMSO_1_new_peak_2028", "macs_DMSO2__DMSO_2_new_peak_2087")	124	ENSG00000242994	30909238	30929237	-	upstream	-107434	107434	NearestLocation	NA
chr17	35905939	35906173	235	*	c("macs_DMSO2__DMSO_2_new_peak_2098", "macs_DMSO1__DMSO_1_new_peak_2042")	125	ENSG00000245128	35884749	35904748	+	downstream	21190	1191	NearestLocation	NA
chr17	35984124	35984328	205	*	c("macs_DMSO1__DMSO_1_new_peak_2043", "macs_DMSO2__DMSO_2_new_peak_2099")	126	ENSG00000006114	35959521	35979520	-	upstream	-4604	4604	NearestLocation	NA
chr17	67476360	67476586	227	*	c("macs_DMSO2__DMSO_2_new_peak_2170", "macs_DMSO1__DMSO_1_new_peak_2116")	127	ENSG00000108984	67400839	67420838	+	downstream	75521	55522	NearestLocation	MAP2K6
chr17	71072036	71072244	209	*	c("macs_DMSO1__DMSO_1_new_peak_2125", "macs_DMSO2__DMSO_2_new_peak_2177")	128	ENSG00000133195	71078833	71098832	-	downstream	26796	6589	NearestLocation	SLC39A11
chr18	7915433	7915716	284	*	c("macs_DMSO2__DMSO_2_new_peak_2208", "macs_DMSO1__DMSO_1_new_peak_2157")	129	ENSG00000199856	7985569	8005568	+	upstream	-70136	69853	NearestLocation	NA
chr18	12675453	12675672	220	*	c("macs_DMSO2__DMSO_2_new_peak_2218", "macs_DMSO1__DMSO_1_new_peak_2170")	130	ENSG00000134278	12648134	12668133	-	upstream	-7320	7320	NearestLocation	SPIRE1
chr18	22241842	22242075	234	*	c("macs_DMSO2__DMSO_2_new_peak_2236", "macs_DMSO1__DMSO_1_new_peak_2185")	131	ENSG00000246302	22198147	22218146	+	downstream	43695	23696	NearestLocation	NA
chr18	30594145	30594371	227	*	c("macs_DMSO1__DMSO_1_new_peak_2198", "macs_DMSO2__DMSO_2_new_peak_2248")	132	ENSG00000197705	30342975	30362974	-	upstream	-231171	231171	NearestLocation	KLHL14
chr18	36887937	36888121	185	*	c("macs_DMSO1__DMSO_1_new_peak_2204", "macs_DMSO2__DMSO_2_new_peak_2254")	133	ENSG00000175886	36905637	36925636	-	downstream	37699	17516	NearestLocation	NA
chr18	41646628	41646846	219	*	c("macs_DMSO1__DMSO_1_new_peak_2219", "macs_DMSO2__DMSO_2_new_peak_2271")	134	ENSG00000202060	41641549	41661548	+	inside	5079	5079	NearestLocation	NA
chr18	59212872	59213085	214	*	c("macs_DMSO1__DMSO_1_new_peak_2243", "macs_DMSO2__DMSO_2_new_peak_2299")	135	ENSG00000101542	59147776	59167775	+	downstream	65096	45097	NearestLocation	CDH20
chr18	70006843	70007051	209	*	c("macs_DMSO1__DMSO_1_new_peak_2258", "macs_DMSO2__DMSO_2_new_peak_2313")	136	ENSG00000141668	70201775	70221774	-	downstream	214931	194724	NearestLocation	CBLN2
chr19	15414978	15415178	201	*	c("macs_DMSO1__DMSO_1_new_peak_2286", "macs_DMSO2__DMSO_2_new_peak_2336")	137	ENSG00000240004	15408448	15428447	+	inside	6530	6530	Overlapping	NA
chr19	15414978	15415178	201	*	c("macs_DMSO1__DMSO_1_new_peak_2286", "macs_DMSO2__DMSO_2_new_peak_2336")	137	ENSG00000239601	15408781	15428780	+	inside	6197	6197	NearestLocation	NA
chr2	7086957	7087139	183	*	c("macs_DMSO1__DMSO_1_new_peak_2347", "macs_DMSO2__DMSO_2_new_peak_2386")	138	ENSG00000228203	7048814	7068813	-	upstream	-18144	18144	NearestLocation	RNF144A-AS1
chr2	7932383	7932809	427	*	c("macs_DMSO1__DMSO_1_new_peak_2350", "macs_DMSO2__DMSO_2_new_peak_2390")	139	ENSG00000229405	7867227	7887226	-	upstream	-45157	45157	NearestLocation	NA
chr2	9591380	9591603	224	*	c("macs_DMSO1__DMSO_1_new_peak_2357", "macs_DMSO2__DMSO_2_new_peak_2395")	140	ENSG00000134330	9603788	9623787	+	upstream	-12408	12185	NearestLocation	IAH1
chr2	15720607	15720835	229	*	c("macs_DMSO1__DMSO_1_new_peak_2366", "macs_DMSO2__DMSO_2_new_peak_2400")	141	ENSG00000079785	15721303	15741302	+	upstream	-696	468	NearestLocation	DDX1
chr2	16047454	16047675	222	*	c("macs_DMSO1__DMSO_1_new_peak_2368", "macs_DMSO2__DMSO_2_new_peak_2402")	142	ENSG00000238371	16033793	16053792	+	inside	13661	6117	Overlapping	NA
chr2	16047454	16047675	222	*	c("macs_DMSO1__DMSO_1_new_peak_2368", "macs_DMSO2__DMSO_2_new_peak_2402")	142	ENSG00000241689	16033793	16053792	+	inside	13661	6117	Overlapping	NA
chr2	16047454	16047675	222	*	c("macs_DMSO1__DMSO_1_new_peak_2368", "macs_DMSO2__DMSO_2_new_peak_2402")	142	ENSG00000223850	16050522	16070521	+	upstream	-3068	2847	NearestLocation	MYCNUT
chr2	31411142	31411345	204	*	c("macs_DMSO2__DMSO_2_new_peak_2435", "macs_DMSO1__DMSO_1_new_peak_2400")	143	ENSG00000158089	31368069	31388068	-	upstream	-23074	23074	NearestLocation	GALNT14
chr2	66883278	66883527	250	*	c("macs_DMSO1__DMSO_1_new_peak_2444", "macs_DMSO2__DMSO_2_new_peak_2482")	144	ENSG00000237179	66920360	66940359	-	downstream	57081	36833	NearestLocation	LINC01797
chr2	80772587	80772820	234	*	c("macs_DMSO2__DMSO_2_new_peak_2504", "macs_DMSO1__DMSO_1_new_peak_2471")	145	ENSG00000212001	80743040	80763039	+	downstream	29547	9548	NearestLocation	NA
chr2	86148520	86148832	313	*	c("macs_DMSO1__DMSO_1_new_peak_2481", "macs_DMSO2__DMSO_2_new_peak_2513")	146	ENSG00000115525	86106138	86126137	-	upstream	-22383	22383	NearestLocation	ST3GAL5
chr2	100681692	100681975	284	*	c("macs_DMSO2__DMSO_2_new_peak_2521", "macs_DMSO1__DMSO_1_new_peak_2488")	147	ENSG00000230393	100711382	100731381	+	upstream	-29690	29407	NearestLocation	NA
chr2	105866382	105866585	204	*	c("macs_DMSO1__DMSO_1_new_peak_2500", "macs_DMSO2__DMSO_2_new_peak_2530")	148	ENSG00000135973	105848201	105868200	+	inside	18181	1615	Overlapping	GPR45
chr2	105866382	105866585	204	*	c("macs_DMSO1__DMSO_1_new_peak_2500", "macs_DMSO2__DMSO_2_new_peak_2530")	148	ENSG00000212974	105870851	105890850	+	upstream	-4469	4266	NearestLocation	NA
chr2	117520527	117520751	225	*	c("macs_DMSO2__DMSO_2_new_peak_2549", "macs_DMSO1__DMSO_1_new_peak_2519")	149	ENSG00000226341	117498735	117518734	+	downstream	21792	1793	NearestLocation	NA
chr2	122384837	122385046	210	*	c("macs_DMSO1__DMSO_1_new_peak_2528", "macs_DMSO2__DMSO_2_new_peak_2553")	150	ENSG00000236859	122397227	122417226	+	upstream	-12390	12181	NearestLocation	NIFK-AS1
chr2	123167294	123167764	471	*	c("macs_DMSO1__DMSO_1_new_peak_2530", "macs_DMSO2__DMSO_2_new_peak_2555")	151	ENSG00000224655	122538021	122558020	+	downstream	629273	609274	NearestLocation	NA
chr2	145299653	145299854	202	*	c("macs_DMSO2__DMSO_2_new_peak_2586", "macs_DMSO1__DMSO_1_new_peak_2564")	152	ENSG00000169554	145272148	145292147	-	upstream	-7506	7506	NearestLocation	ZEB2
chr2	153506134	153506475	342	*	c("macs_DMSO1__DMSO_1_new_peak_2581", "macs_DMSO2__DMSO_2_new_peak_2604")	153	ENSG00000177917	153564408	153584407	+	upstream	-58274	57933	NearestLocation	ARL6IP6
chr2	174716177	174716393	217	*	c("macs_DMSO1__DMSO_1_new_peak_2619", "macs_DMSO2__DMSO_2_new_peak_2650")	154	ENSG00000234415	174727194	174747193	-	downstream	31016	10801	NearestLocation	NA
chr2	175368030	175368489	460	*	c("macs_DMSO2__DMSO_2_new_peak_2654", "macs_DMSO1__DMSO_1_new_peak_2622")	155	ENSG00000163328	175341823	175361822	-	upstream	-6208	6208	NearestLocation	GPR155
chr2	175368030	175368489	460	*	c("macs_DMSO2__DMSO_2_new_peak_2654", "macs_DMSO1__DMSO_1_new_peak_2622")	155	ENSG00000179997	175356681	175376680	+	inside	11349	8191	Overlapping	NA
chr2	179058280	179058521	242	*	c("macs_DMSO1__DMSO_1_new_peak_2627", "macs_DMSO2__DMSO_2_new_peak_2660")	156	ENSG00000079156	179049209	179069208	+	inside	9071	9071	NearestLocation	OSBPL6
chr2	181579932	181580181	250	*	c("macs_DMSO2__DMSO_2_new_peak_2673", "macs_DMSO1__DMSO_1_new_peak_2640")	157	ENSG00000225258	181547182	181567181	-	upstream	-12751	12751	NearestLocation	NA
chr2	184600231	184600419	189	*	c("macs_DMSO1__DMSO_1_new_peak_2652", "macs_DMSO2__DMSO_2_new_peak_2683")	158	ENSG00000177855	184462851	184482850	-	upstream	-117381	117381	NearestLocation	NA
chr2	188581597	188581877	281	*	c("macs_DMSO1__DMSO_1_new_peak_2662", "macs_DMSO2__DMSO_2_new_peak_2693")	159	ENSG00000235616	188680069	188700068	+	upstream	-98472	98192	NearestLocation	NA
chr2	196228349	196228575	227	*	c("macs_DMSO1__DMSO_1_new_peak_2682", "macs_DMSO2__DMSO_2_new_peak_2714")	160	ENSG00000224099	196303257	196323256	+	upstream	-74908	74682	NearestLocation	NA
chr2	211073798	211074015	218	*	c("macs_DMSO1__DMSO_1_new_peak_2697", "macs_DMSO2__DMSO_2_new_peak_2736")	161	ENSG00000225266	211087902	211107901	+	upstream	-14104	13887	NearestLocation	NA
chr2	219991259	219991472	214	*	c("macs_DMSO1__DMSO_1_new_peak_2720", "macs_DMSO2__DMSO_2_new_peak_2753")	162	ENSG00000223334	219957157	219977156	+	downstream	34102	14103	NearestLocation	NA
chr2	219991259	219991472	214	*	c("macs_DMSO1__DMSO_1_new_peak_2720", "macs_DMSO2__DMSO_2_new_peak_2753")	162	ENSG00000240317	219957157	219977156	+	downstream	34102	14103	NearestLocation	NA
chr2	235152716	235152912	197	*	c("macs_DMSO1__DMSO_1_new_peak_2751", "macs_DMSO2__DMSO_2_new_peak_2783")	163	ENSG00000237784	235228128	235248127	+	upstream	-75412	75216	NearestLocation	NA
chr2	235542475	235542695	221	*	c("macs_DMSO2__DMSO_2_new_peak_2785", "macs_DMSO1__DMSO_1_new_peak_2753")	164	ENSG00000188042	235395698	235415697	-	upstream	-126778	126778	NearestLocation	ARL4C
chr2	240238759	240239086	328	*	c("macs_DMSO2__DMSO_2_new_peak_2795", "macs_DMSO1__DMSO_1_new_peak_2764")	165	ENSG00000222020	240313131	240333130	+	upstream	-74372	74045	NearestLocation	HDAC4-AS1
chr20	11135948	11136199	252	*	c("macs_DMSO1__DMSO_1_new_peak_2796", "macs_DMSO2__DMSO_2_new_peak_2826")	166	ENSG00000244068	11026494	11046493	-	upstream	-89455	89455	NearestLocation	NA
chr20	12011207	12011437	231	*	c("macs_DMSO2__DMSO_2_new_peak_2829", "macs_DMSO1__DMSO_1_new_peak_2799")	167	ENSG00000236526	11889326	11909325	-	upstream	-101882	101882	NearestLocation	NA
chr20	14403640	14403883	244	*	c("macs_DMSO1__DMSO_1_new_peak_2806", "macs_DMSO2__DMSO_2_new_peak_2833")	168	ENSG00000125848	14308263	14328262	-	upstream	-75378	75378	NearestLocation	FLRT3
chr20	32898384	32898579	196	*	c("macs_DMSO1__DMSO_1_new_peak_2838", "macs_DMSO2__DMSO_2_new_peak_2870")	169	ENSG00000101444	32881155	32901154	-	inside	2770	2575	NearestLocation	AHCY
chr20	36738188	36738387	200	*	c("macs_DMSO2__DMSO_2_new_peak_2881", "macs_DMSO1__DMSO_1_new_peak_2850")	170	ENSG00000222993	36717103	36737102	-	upstream	-1086	1086	NearestLocation	NA
chr20	36738188	36738387	200	*	c("macs_DMSO2__DMSO_2_new_peak_2881", "macs_DMSO1__DMSO_1_new_peak_2850")	170	ENSG00000241957	36717103	36737102	-	upstream	-1086	1086	NearestLocation	NA
chr20	37130686	37130870	185	*	c("macs_DMSO2__DMSO_2_new_peak_2885", "macs_DMSO1__DMSO_1_new_peak_2853")	171	ENSG00000231307	37156402	37176401	+	upstream	-25716	25532	NearestLocation	NA
chr20	56260702	56260907	206	*	c("macs_DMSO2__DMSO_2_new_peak_2928", "macs_DMSO1__DMSO_1_new_peak_2899")	172	ENSG00000245537	56275240	56295239	+	upstream	-14538	14333	NearestLocation	NA
chr21	16655550	16655801	252	*	c("macs_DMSO2__DMSO_2_new_peak_2936", "macs_DMSO1__DMSO_1_new_peak_2911")	173	ENSG00000229425	16764625	16784624	-	downstream	129074	108824	NearestLocation	LOC101927745;LOC105369302
chr21	31237733	31237926	194	*	c("macs_DMSO1__DMSO_1_new_peak_2948", "macs_DMSO2__DMSO_2_new_peak_2972")	174	ENSG00000171189	31302352	31322351	-	downstream	84618	64426	NearestLocation	GRIK1
chr21	38163156	38163333	178	*	c("macs_DMSO1__DMSO_1_new_peak_2967", "macs_DMSO2__DMSO_2_new_peak_2987")	175	ENSG00000237646	38168586	38188585	-	downstream	25429	5253	NearestLocation	NA
chr21	42893609	42893875	267	*	c("macs_DMSO1__DMSO_1_new_peak_2975", "macs_DMSO2__DMSO_2_new_peak_2996")	176	ENSG00000184012	42893044	42913043	-	inside	19434	565	Overlapping	TMPRSS2
chr21	42893609	42893875	267	*	c("macs_DMSO1__DMSO_1_new_peak_2975", "macs_DMSO2__DMSO_2_new_peak_2996")	176	ENSG00000207503	42901134	42921133	+	upstream	-7525	7259	NearestLocation	NA
chr21	44151602	44151878	277	*	c("macs_DMSO2__DMSO_2_new_peak_3000", "macs_DMSO1__DMSO_1_new_peak_2979")	177	ENSG00000225731	44151869	44171868	-	overlapEnd	20266	9	NearestLocation	NA
chr22	25506194	25506451	258	*	c("macs_DMSO1__DMSO_1_new_peak_2999", "macs_DMSO2__DMSO_2_new_peak_3019")	178	ENSG00000203280	25498660	25518659	-	inside	12465	7534	NearestLocation	LOC100128531
chr22	45798441	45798688	248	*	c("macs_DMSO2__DMSO_2_new_peak_3048", "macs_DMSO1__DMSO_1_new_peak_3032")	179	ENSG00000077935	45799501	45819500	-	downstream	21059	813	Overlapping	SMC1B
chr22	45798441	45798688	248	*	c("macs_DMSO2__DMSO_2_new_peak_3048", "macs_DMSO1__DMSO_1_new_peak_3032")	179	ENSG00000128408	45799573	45819572	+	upstream	-1132	885	NearestLocation	RIBC2
chr22	46463683	46463885	203	*	c("macs_DMSO1__DMSO_1_new_peak_3038", "macs_DMSO2__DMSO_2_new_peak_3050")	180	ENSG00000182257	46440025	46460024	-	upstream	-3659	3659	Overlapping	NA
chr22	46463683	46463885	203	*	c("macs_DMSO1__DMSO_1_new_peak_3038", "macs_DMSO2__DMSO_2_new_peak_3050")	180	ENSG00000241990	46439586	46459585	+	downstream	24097	4098	Overlapping	NA
chr22	46463683	46463885	203	*	c("macs_DMSO1__DMSO_1_new_peak_3038", "macs_DMSO2__DMSO_2_new_peak_3050")	180	ENSG00000197182	46439742	46459741	+	downstream	23941	3942	Overlapping	MIRLET7BHG
chr22	46463683	46463885	203	*	c("macs_DMSO1__DMSO_1_new_peak_3038", "macs_DMSO2__DMSO_2_new_peak_3050")	180	ENSG00000231010	46444041	46464040	-	inside	357	155	NearestLocation	NA
chr22	46463683	46463885	203	*	c("macs_DMSO1__DMSO_1_new_peak_3038", "macs_DMSO2__DMSO_2_new_peak_3050")	180	ENSG00000235159	46455772	46475771	-	inside	12088	7911	Overlapping	NA
chr22	46463683	46463885	203	*	c("macs_DMSO1__DMSO_1_new_peak_3038", "macs_DMSO2__DMSO_2_new_peak_3050")	180	ENSG00000245020	46454602	46474601	+	inside	9081	9081	Overlapping	NA
chr22	47870756	47870993	238	*	c("macs_DMSO1__DMSO_1_new_peak_3042", "macs_DMSO2__DMSO_2_new_peak_3053")	181	ENSG00000218357	47872861	47892860	-	downstream	22104	1868	NearestLocation	LINC01644
chr3	6811831	6812082	252	*	c("macs_DMSO1__DMSO_1_new_peak_3054", "macs_DMSO2__DMSO_2_new_peak_3066")	182	ENSG00000196277	6801689	6821688	+	inside	10142	9606	NearestLocation	GRM7
chr3	6811831	6812082	252	*	c("macs_DMSO1__DMSO_1_new_peak_3054", "macs_DMSO2__DMSO_2_new_peak_3066")	182	ENSG00000236152	6805031	6825030	-	inside	13199	6800	Overlapping	NA
chr3	6866647	6866885	239	*	c("macs_DMSO2__DMSO_2_new_peak_3067", "macs_DMSO1__DMSO_1_new_peak_3055")	183	ENSG00000226258	6837137	6857136	-	upstream	-9511	9511	NearestLocation	GRM7-AS3
chr3	6944379	6944633	255	*	c("macs_DMSO1__DMSO_1_new_peak_3056", "macs_DMSO2__DMSO_2_new_peak_3068")	184	ENSG00000237665	6925710	6945709	-	inside	1330	1076	NearestLocation	GRM7-AS2
chr3	14270634	14270896	263	*	c("macs_DMSO2__DMSO_2_new_peak_3083", "macs_DMSO1__DMSO_1_new_peak_3073")	185	ENSG00000247431	14232621	14252620	-	upstream	-18014	18014	NearestLocation	NA
chr3	33766363	33766586	224	*	c("macs_DMSO1__DMSO_1_new_peak_3115", "macs_DMSO2__DMSO_2_new_peak_3121")	186	ENSG00000163539	33749849	33769848	-	inside	3485	3262	NearestLocation	CLASP2
chr3	33766363	33766586	224	*	c("macs_DMSO1__DMSO_1_new_peak_3115", "macs_DMSO2__DMSO_2_new_peak_3121")	186	ENSG00000228112	33759097	33779096	-	inside	12733	7266	Overlapping	NA
chr3	40509604	40509784	181	*	c("macs_DMSO1__DMSO_1_new_peak_3126", "macs_DMSO2__DMSO_2_new_peak_3134")	187	ENSG00000223797	40484821	40504820	-	upstream	-4784	4784	Overlapping	ENTPD3-AS1
chr3	40509604	40509784	181	*	c("macs_DMSO1__DMSO_1_new_peak_3126", "macs_DMSO2__DMSO_2_new_peak_3134")	187	ENSG00000188846	40488784	40508783	+	downstream	20820	821	Overlapping	RPL14
chr3	40509604	40509784	181	*	c("macs_DMSO1__DMSO_1_new_peak_3126", "macs_DMSO2__DMSO_2_new_peak_3134")	187	ENSG00000245906	40498646	40518645	-	inside	9041	8861	Overlapping	NA
chr3	40509604	40509784	181	*	c("macs_DMSO1__DMSO_1_new_peak_3126", "macs_DMSO2__DMSO_2_new_peak_3134")	187	ENSG00000177873	40508605	40528604	+	inside	999	999	NearestLocation	ZNF619
chr3	52640481	52640680	200	*	c("macs_DMSO1__DMSO_1_new_peak_3148", "macs_DMSO2__DMSO_2_new_peak_3158")	188	ENSG00000245124	52649774	52669773	+	upstream	-9293	9094	NearestLocation	NA
chr3	58130554	58130784	231	*	c("macs_DMSO2__DMSO_2_new_peak_3174", "macs_DMSO1__DMSO_1_new_peak_3169")	189	ENSG00000244161	58146364	58166363	-	downstream	35809	15580	NearestLocation	FLNB-AS1
chr3	66322423	66322731	309	*	c("macs_DMSO2__DMSO_2_new_peak_3192", "macs_DMSO1__DMSO_1_new_peak_3182")	190	ENSG00000206759	66333645	66353644	-	downstream	31221	10914	NearestLocation	NA
chr3	72386246	72386498	253	*	c("macs_DMSO1__DMSO_1_new_peak_3195", "macs_DMSO2__DMSO_2_new_peak_3207")	191	ENSG00000245363	72413887	72433886	+	upstream	-27641	27389	NearestLocation	NA
chr3	82265729	82266039	311	*	c("macs_DMSO1__DMSO_1_new_peak_3219", "macs_DMSO2__DMSO_2_new_peak_3226")	192	ENSG00000241367	82359431	82379430	-	downstream	113701	93392	NearestLocation	NA
chr3	84929365	84929632	268	*	c("macs_DMSO2__DMSO_2_new_peak_3232", "macs_DMSO1__DMSO_1_new_peak_3225")	193	ENSG00000242641	84920831	84940830	-	inside	11465	8534	Overlapping	LINC00971
chr3	84929365	84929632	268	*	c("macs_DMSO2__DMSO_2_new_peak_3232", "macs_DMSO1__DMSO_1_new_peak_3225")	193	ENSG00000242339	84924088	84944087	+	inside	5277	5277	NearestLocation	LINC02025
chr3	141462918	141463128	211	*	c("macs_DMSO1__DMSO_1_new_peak_3344", "macs_DMSO2__DMSO_2_new_peak_3346")	194	ENSG00000114125	141447047	141467046	+	inside	15871	3918	NearestLocation	RNF7
chr3	145807408	145807606	199	*	c("macs_DMSO1__DMSO_1_new_peak_3359", "macs_DMSO2__DMSO_2_new_peak_3363")	195	ENSG00000240032	145776973	145796972	-	upstream	-10436	10436	NearestLocation	LNCSRLR
chr3	152660970	152661281	312	*	c("macs_DMSO2__DMSO_2_new_peak_3387", "macs_DMSO1__DMSO_1_new_peak_3374")	196	ENSG00000242331	152627583	152647582	+	downstream	33387	13388	NearestLocation	NA
chr3	154410998	154411197	200	*	c("macs_DMSO2__DMSO_2_new_peak_3395", "macs_DMSO1__DMSO_1_new_peak_3381")	197	ENSG00000240601	154384909	154404908	-	upstream	-6090	6090	NearestLocation	NA
chr3	157540995	157541245	251	*	c("macs_DMSO1__DMSO_1_new_peak_3391", "macs_DMSO2__DMSO_2_new_peak_3407")	198	ENSG00000241164	157638515	157658514	-	downstream	117519	97270	NearestLocation	NA
chr3	165889393	165889633	241	*	c("macs_DMSO1__DMSO_1_new_peak_3415", "macs_DMSO2__DMSO_2_new_peak_3429")	199	ENSG00000244148	165867797	165887796	-	upstream	-1597	1597	Overlapping	NA
chr3	165889393	165889633	241	*	c("macs_DMSO1__DMSO_1_new_peak_3415", "macs_DMSO2__DMSO_2_new_peak_3429")	199	ENSG00000242178	165868159	165888158	-	upstream	-1235	1235	Overlapping	NA
chr3	165889393	165889633	241	*	c("macs_DMSO1__DMSO_1_new_peak_3415", "macs_DMSO2__DMSO_2_new_peak_3429")	199	ENSG00000240084	165868493	165888492	-	upstream	-901	901	Overlapping	NA
chr3	165889393	165889633	241	*	c("macs_DMSO1__DMSO_1_new_peak_3415", "macs_DMSO2__DMSO_2_new_peak_3429")	199	ENSG00000240353	165868560	165888559	-	upstream	-834	834	Overlapping	NA
chr3	165889393	165889633	241	*	c("macs_DMSO1__DMSO_1_new_peak_3415", "macs_DMSO2__DMSO_2_new_peak_3429")	199	ENSG00000240824	165868908	165888907	-	upstream	-486	486	Overlapping	NA
chr3	165889393	165889633	241	*	c("macs_DMSO1__DMSO_1_new_peak_3415", "macs_DMSO2__DMSO_2_new_peak_3429")	199	ENSG00000242456	165869757	165889756	-	inside	363	123	NearestLocation	NA
chr3	165889393	165889633	241	*	c("macs_DMSO1__DMSO_1_new_peak_3415", "macs_DMSO2__DMSO_2_new_peak_3429")	199	ENSG00000242326	165889609	165909608	-	overlapEnd	20215	24	Overlapping	NA
chr3	170349852	170350023	172	*	c("macs_DMSO1__DMSO_1_new_peak_3426", "macs_DMSO2__DMSO_2_new_peak_3442")	200	ENSG00000244738	170364352	170384351	+	upstream	-14500	14329	NearestLocation	NA
chr3	177017893	177018163	271	*	c("macs_DMSO1__DMSO_1_new_peak_3456", "macs_DMSO2__DMSO_2_new_peak_3466")	201	ENSG00000203645	177002231	177022230	+	inside	15662	4067	Overlapping	LINC00501
chr3	177017893	177018163	271	*	c("macs_DMSO1__DMSO_1_new_peak_3456", "macs_DMSO2__DMSO_2_new_peak_3466")	201	ENSG00000236893	177006175	177026174	-	inside	8281	8011	NearestLocation	NA
chr3	179251150	179251388	239	*	c("macs_DMSO2__DMSO_2_new_peak_3475", "macs_DMSO1__DMSO_1_new_peak_3462")	202	ENSG00000136518	179270669	179290668	+	upstream	-19519	19281	NearestLocation	ACTL6A
chr3	187068566	187068763	198	*	c("macs_DMSO1__DMSO_1_new_peak_3476", "macs_DMSO2__DMSO_2_new_peak_3493")	203	ENSG00000136514	187076121	187096120	+	upstream	-7555	7358	NearestLocation	RTP4
chr3	188841442	188841640	199	*	c("macs_DMSO1__DMSO_1_new_peak_3485", "macs_DMSO2__DMSO_2_new_peak_3504")	204	ENSG00000236182	188697925	188717924	-	upstream	-123518	123518	NearestLocation	NA
chr3	192569675	192569889	215	*	c("macs_DMSO2__DMSO_2_new_peak_3521", "macs_DMSO1__DMSO_1_new_peak_3496")	205	ENSG00000114279	192475554	192495553	-	upstream	-74122	74122	NearestLocation	FGF12
chr4	2616835	2617042	208	*	c("macs_DMSO1__DMSO_1_new_peak_3509", "macs_DMSO2__DMSO_2_new_peak_3535")	206	ENSG00000206738	2606952	2626951	-	inside	10116	9883	Overlapping	NA
chr4	2616835	2617042	208	*	c("macs_DMSO1__DMSO_1_new_peak_3509", "macs_DMSO2__DMSO_2_new_peak_3535")	206	ENSG00000125386	2617160	2637159	+	upstream	-325	118	NearestLocation	FAM193A
chr4	30390805	30391141	337	*	c("macs_DMSO2__DMSO_2_new_peak_3567", "macs_DMSO1__DMSO_1_new_peak_3542")	207	ENSG00000236112	30488873	30508872	-	downstream	118067	97732	NearestLocation	NA
chr4	31393709	31393944	236	*	c("macs_DMSO2__DMSO_2_new_peak_3568", "macs_DMSO1__DMSO_1_new_peak_3544")	208	ENSG00000215248	31119753	31139752	-	upstream	-253957	253957	NearestLocation	NA
chr4	31983848	31984054	207	*	c("macs_DMSO2__DMSO_2_new_peak_3573", "macs_DMSO1__DMSO_1_new_peak_3549")	209	ENSG00000215248	31119753	31139752	-	upstream	-844096	844096	NearestLocation	NA
chr4	36554663	36554978	316	*	c("macs_DMSO1__DMSO_1_new_peak_3554", "macs_DMSO2__DMSO_2_new_peak_3580")	210	ENSG00000197057	36273252	36293251	+	downstream	281411	261412	NearestLocation	DTHD1
chr4	42575806	42575996	191	*	c("macs_DMSO1__DMSO_1_new_peak_3580", "macs_DMSO2__DMSO_2_new_peak_3601")	211	ENSG00000244852	42649514	42669513	+	upstream	-73708	73518	NearestLocation	NA
chr4	61152590	61152800	211	*	c("macs_DMSO1__DMSO_1_new_peak_3599", "macs_DMSO2__DMSO_2_new_peak_3625")	212	ENSG00000216027	61519757	61539756	-	downstream	387166	366957	NearestLocation	NA
chr4	61293561	61293814	254	*	c("macs_DMSO1__DMSO_1_new_peak_3603", "macs_DMSO2__DMSO_2_new_peak_3628")	213	ENSG00000216027	61519757	61539756	-	downstream	246195	225943	NearestLocation	NA
chr4	65365716	65365909	194	*	c("macs_DMSO1__DMSO_1_new_peak_3609", "macs_DMSO2__DMSO_2_new_peak_3635")	214	ENSG00000205678	65265179	65285178	-	upstream	-80538	80538	NearestLocation	TECRL
chr4	69344592	69344895	304	*	c("macs_DMSO2__DMSO_2_new_peak_3641", "macs_DMSO1__DMSO_1_new_peak_3616")	215	ENSG00000087128	69303168	69323167	+	downstream	41424	21425	NearestLocation	TMPRSS11E
chr4	69536401	69536619	219	*	c("macs_DMSO1__DMSO_1_new_peak_3617", "macs_DMSO2__DMSO_2_new_peak_3642")	216	ENSG00000196620	69526375	69546374	-	inside	9973	9755	NearestLocation	UGT2B15
chr4	70922346	70922679	334	*	c("macs_DMSO1__DMSO_1_new_peak_3623", "macs_DMSO2__DMSO_2_new_peak_3647")	217	ENSG00000126550	70906120	70926119	+	inside	16226	3440	Overlapping	HTN1
chr4	70922346	70922679	334	*	c("macs_DMSO1__DMSO_1_new_peak_3623", "macs_DMSO2__DMSO_2_new_peak_3647")	217	ENSG00000234124	70923104	70943103	+	upstream	-758	425	NearestLocation	CSN1S2AP
chr4	73840512	73840726	215	*	c("macs_DMSO2__DMSO_2_new_peak_3656", "macs_DMSO1__DMSO_1_new_peak_3633")	218	ENSG00000239348	73820896	73840895	+	inside	19616	169	NearestLocation	NA
chr4	80094433	80094754	322	*	c("macs_DMSO2__DMSO_2_new_peak_3684", "macs_DMSO1__DMSO_1_new_peak_3661")	219	ENSG00000156269	80237155	80257154	-	downstream	162721	142401	NearestLocation	NAA11
chr4	81899089	81899260	172	*	c("macs_DMSO2__DMSO_2_new_peak_3685", "macs_DMSO1__DMSO_1_new_peak_3663")	220	ENSG00000152785	81942120	81962119	+	upstream	-43031	42860	NearestLocation	BMP3
chr4	83412882	83413094	213	*	c("macs_DMSO1__DMSO_1_new_peak_3667", "macs_DMSO2__DMSO_2_new_peak_3689")	221	ENSG00000214988	83402798	83422797	-	inside	9915	9703	NearestLocation	NA
chr4	83474332	83474586	255	*	c("macs_DMSO1__DMSO_1_new_peak_3668", "macs_DMSO2__DMSO_2_new_peak_3690")	222	ENSG00000227304	83473127	83493126	-	inside	18794	1205	NearestLocation	NA
chr4	85573644	85573885	242	*	c("macs_DMSO1__DMSO_1_new_peak_3672", "macs_DMSO2__DMSO_2_new_peak_3693")	223	ENSG00000222903	85599153	85619152	-	downstream	45508	25268	NearestLocation	NA
chr4	88850436	88850709	274	*	c("macs_DMSO1__DMSO_1_new_peak_3680", "macs_DMSO2__DMSO_2_new_peak_3701")	224	ENSG00000118785	88886803	88906802	+	upstream	-36367	36094	NearestLocation	SPP1
chr4	90166639	90166888	250	*	c("macs_DMSO2__DMSO_2_new_peak_3713", "macs_DMSO1__DMSO_1_new_peak_3691")	225	ENSG00000244983	90156087	90176086	+	inside	10552	9198	NearestLocation	NA
chr4	95607264	95607512	249	*	c("macs_DMSO1__DMSO_1_new_peak_3707", "macs_DMSO2__DMSO_2_new_peak_3723")	226	ENSG00000138696	95669120	95689119	+	upstream	-61856	61608	NearestLocation	BMPR1B
chr4	103517823	103518060	238	*	c("macs_DMSO1__DMSO_1_new_peak_3727", "macs_DMSO2__DMSO_2_new_peak_3743")	227	ENSG00000238553	103477125	103497124	-	upstream	-20699	20699	NearestLocation	NA
chr4	115386623	115386847	225	*	c("macs_DMSO1__DMSO_1_new_peak_3743", "macs_DMSO2__DMSO_2_new_peak_3757")	228	ENSG00000174607	115509612	115529611	+	upstream	-122989	122765	NearestLocation	UGT8
chr4	124530910	124531404	495	*	c("macs_DMSO2__DMSO_2_new_peak_3769", "macs_DMSO1__DMSO_1_new_peak_3755")	229	ENSG00000226655	124656829	124676828	-	downstream	145918	125425	NearestLocation	NA
chr4	124674921	124675141	221	*	c("macs_DMSO1__DMSO_1_new_peak_3756", "macs_DMSO2__DMSO_2_new_peak_3770")	230	ENSG00000226655	124656829	124676828	-	inside	1907	1687	NearestLocation	NA
chr4	124674921	124675141	221	*	c("macs_DMSO1__DMSO_1_new_peak_3756", "macs_DMSO2__DMSO_2_new_peak_3770")	230	ENSG00000228489	124657382	124677381	-	inside	2460	2240	Overlapping	NA
chr4	134083200	134083403	204	*	c("macs_DMSO1__DMSO_1_new_peak_3764", "macs_DMSO2__DMSO_2_new_peak_3778")	231	ENSG00000138650	134060471	134080470	+	downstream	22729	2730	Overlapping	PCDH10
chr4	134083200	134083403	204	*	c("macs_DMSO1__DMSO_1_new_peak_3764", "macs_DMSO2__DMSO_2_new_peak_3778")	231	ENSG00000241883	134073022	134093021	-	inside	9821	9618	NearestLocation	NA
chr4	134757621	134757846	226	*	c("macs_DMSO2__DMSO_2_new_peak_3781", "macs_DMSO1__DMSO_1_new_peak_3767")	232	ENSG00000240880	134699999	134719998	+	downstream	57622	37623	NearestLocation	NA
chr4	152539547	152539788	242	*	c("macs_DMSO2__DMSO_2_new_peak_3818", "macs_DMSO1__DMSO_1_new_peak_3801")	233	ENSG00000221657	152476962	152496961	-	upstream	-42586	42586	NearestLocation	NA
chr4	155811923	155812163	241	*	c("macs_DMSO1__DMSO_1_new_peak_3808", "macs_DMSO2__DMSO_2_new_peak_3825")	234	ENSG00000222582	155698271	155718270	+	downstream	113652	93653	NearestLocation	NA
chr4	163697025	163697239	215	*	c("macs_DMSO1__DMSO_1_new_peak_3827", "macs_DMSO2__DMSO_2_new_peak_3843")	235	ENSG00000240064	163332678	163352677	-	upstream	-344348	344348	NearestLocation	NA
chr4	181399971	181400267	297	*	c("macs_DMSO1__DMSO_1_new_peak_3851", "macs_DMSO2__DMSO_2_new_peak_3869")	236	ENSG00000242005	181396043	181416042	-	inside	16071	3928	NearestLocation	NA
chr5	1364352	1364618	267	*	c("macs_DMSO1__DMSO_1_new_peak_3864", "macs_DMSO2__DMSO_2_new_peak_3882")	237	ENSG00000247226	1373276	1393275	+	upstream	-8924	8658	NearestLocation	NA
chr5	9587312	9587511	200	*	c("macs_DMSO1__DMSO_1_new_peak_3873", "macs_DMSO2__DMSO_2_new_peak_3894")	238	ENSG00000112902	9536159	9556158	-	upstream	-31154	31154	NearestLocation	SEMA5A
chr5	11712132	11712352	221	*	c("macs_DMSO1__DMSO_1_new_peak_3877", "macs_DMSO2__DMSO_2_new_peak_3897")	239	ENSG00000169862	11894111	11914110	-	downstream	201978	181759	NearestLocation	CTNND2
chr5	16136281	16136492	212	*	c("macs_DMSO1__DMSO_1_new_peak_3892", "macs_DMSO2__DMSO_2_new_peak_3910")	240	ENSG00000183654	16169898	16189897	-	downstream	53616	33406	NearestLocation	MARCH11
chr5	23495782	23495980	199	*	c("macs_DMSO1__DMSO_1_new_peak_3907", "macs_DMSO2__DMSO_2_new_peak_3926")	241	ENSG00000164256	23497725	23517724	+	upstream	-1943	1745	NearestLocation	PRDM9
chr5	25005046	25005281	236	*	c("macs_DMSO2__DMSO_2_new_peak_3930", "macs_DMSO1__DMSO_1_new_peak_3911")	242	ENSG00000199911	24900704	24920703	+	downstream	104342	84343	NearestLocation	NA
chr5	33236494	33236676	183	*	c("macs_DMSO1__DMSO_1_new_peak_3928", "macs_DMSO2__DMSO_2_new_peak_3948")	243	ENSG00000239678	33268060	33288059	-	downstream	51565	31384	NearestLocation	NA
chr5	52113752	52113965	214	*	c("macs_DMSO1__DMSO_1_new_peak_3959", "macs_DMSO2__DMSO_2_new_peak_3980")	244	ENSG00000244435	52077529	52097528	+	downstream	36223	16224	NearestLocation	NA
chr5	58139315	58139533	219	*	c("macs_DMSO1__DMSO_1_new_peak_3974", "macs_DMSO2__DMSO_2_new_peak_3994")	245	ENSG00000240412	58108331	58128330	+	downstream	30984	10985	NearestLocation	NA
chr5	70950126	70950368	243	*	c("macs_DMSO1__DMSO_1_new_peak_4004", "macs_DMSO2__DMSO_2_new_peak_4020")	246	ENSG00000164326	71004995	71024994	+	upstream	-54869	54627	NearestLocation	CARTPT
chr5	74268856	74269074	219	*	c("macs_DMSO1__DMSO_1_new_peak_4012", "macs_DMSO2__DMSO_2_new_peak_4028")	247	ENSG00000182383	74276463	74296462	-	downstream	27606	7389	NearestLocation	NA
chr5	74919738	74919987	250	*	c("macs_DMSO1__DMSO_1_new_peak_4014", "macs_DMSO2__DMSO_2_new_peak_4031")	248	ENSG00000189045	74906129	74926128	+	inside	13609	6141	NearestLocation	ANKDD1B
chr5	75430463	75430737	275	*	c("macs_DMSO1__DMSO_1_new_peak_4016", "macs_DMSO2__DMSO_2_new_peak_4033")	249	ENSG00000242181	75377623	75397622	-	upstream	-32841	32841	NearestLocation	NA
chr5	76313541	76313809	269	*	c("macs_DMSO1__DMSO_1_new_peak_4023", "macs_DMSO2__DMSO_2_new_peak_4041")	250	ENSG00000164252	76316232	76336231	+	upstream	-2691	2423	NearestLocation	AGGF1
chr5	77242507	77242729	223	*	c("macs_DMSO2__DMSO_2_new_peak_4045", "macs_DMSO1__DMSO_1_new_peak_4024")	251	ENSG00000222085	77342571	77362570	-	downstream	120063	99842	NearestLocation	NA
chr5	82402940	82403179	240	*	c("macs_DMSO1__DMSO_1_new_peak_4042", "macs_DMSO2__DMSO_2_new_peak_4062")	252	ENSG00000174695	82363180	82383179	-	upstream	-19761	19761	NearestLocation	TMEM167A
chr5	83387395	83387634	240	*	c("macs_DMSO2__DMSO_2_new_peak_4066", "macs_DMSO1__DMSO_1_new_peak_4045")	253	ENSG00000243387	83482702	83502701	+	upstream	-95307	95068	NearestLocation	NA
chr5	96433023	96433293	271	*	c("macs_DMSO2__DMSO_2_new_peak_4091", "macs_DMSO1__DMSO_1_new_peak_4078")	254	ENSG00000213701	96383063	96403062	-	upstream	-29961	29961	NearestLocation	NA
chr5	99057201	99057505	305	*	c("macs_DMSO1__DMSO_1_new_peak_4082", "macs_DMSO2__DMSO_2_new_peak_4097")	255	ENSG00000206356	98850019	98870018	-	upstream	-187183	187183	NearestLocation	LOC100652833
chr5	104160729	104160960	232	*	c("macs_DMSO1__DMSO_1_new_peak_4092", "macs_DMSO2__DMSO_2_new_peak_4104")	256	ENSG00000243340	104106088	104126087	-	upstream	-34642	34642	NearestLocation	NA
chr5	150733874	150734076	203	*	c("macs_DMSO1__DMSO_1_new_peak_4208", "macs_DMSO2__DMSO_2_new_peak_4226")	257	ENSG00000186335	150717124	150737123	-	inside	3249	3047	NearestLocation	SLC36A2
chr5	156097744	156097956	213	*	c("macs_DMSO2__DMSO_2_new_peak_4235", "macs_DMSO1__DMSO_1_new_peak_4216")	258	ENSG00000199468	156231142	156251141	+	upstream	-133398	133186	NearestLocation	NA
chr5	160764609	160764813	205	*	c("macs_DMSO1__DMSO_1_new_peak_4222", "macs_DMSO2__DMSO_2_new_peak_4243")	259	ENSG00000221002	160647155	160667154	-	upstream	-97455	97455	NearestLocation	NA
chr5	168416811	168417098	288	*	c("macs_DMSO1__DMSO_1_new_peak_4240", "macs_DMSO2__DMSO_2_new_peak_4261")	260	ENSG00000202345	168208504	168228503	+	downstream	208307	188308	NearestLocation	NA
chr6	12925276	12925460	185	*	c("macs_DMSO2__DMSO_2_new_peak_4311", "macs_DMSO1__DMSO_1_new_peak_4295")	261	ENSG00000223291	12743908	12763907	+	downstream	181368	161369	NearestLocation	NA
chr6	25928863	25929089	227	*	c("macs_DMSO1__DMSO_1_new_peak_4331", "macs_DMSO2__DMSO_2_new_peak_4336")	262	ENSG00000112337	25920840	25940839	-	inside	11976	8023	NearestLocation	SLC17A2
chr6	41715172	41715642	471	*	c("macs_DMSO1__DMSO_1_new_peak_4358", "macs_DMSO2__DMSO_2_new_peak_4360")	263	ENSG00000112561	41693998	41713997	-	upstream	-1175	1175	NearestLocation	TFEB
chr6	41715172	41715642	471	*	c("macs_DMSO1__DMSO_1_new_peak_4358", "macs_DMSO2__DMSO_2_new_peak_4360")	263	ENSG00000096088	41711848	41731847	-	inside	16675	3324	Overlapping	PGC
chr6	64777496	64777802	307	*	c("macs_DMSO1__DMSO_1_new_peak_4383", "macs_DMSO2__DMSO_2_new_peak_4391")	264	ENSG00000219653	64557335	64577334	+	downstream	220161	200162	NearestLocation	NA
chr6	80528896	80529125	230	*	c("macs_DMSO1__DMSO_1_new_peak_4394", "macs_DMSO2__DMSO_2_new_peak_4405")	265	ENSG00000235357	80506943	80526942	-	upstream	-1954	1954	NearestLocation	NA
chr6	80528896	80529125	230	*	c("macs_DMSO1__DMSO_1_new_peak_4394", "macs_DMSO2__DMSO_2_new_peak_4405")	265	ENSG00000221470	80526603	80546602	-	inside	17706	2293	Overlapping	NA
chr6	81237321	81237547	227	*	c("macs_DMSO1__DMSO_1_new_peak_4396", "macs_DMSO2__DMSO_2_new_peak_4407")	266	ENSG00000181705	81199110	81219109	-	upstream	-18212	18212	NearestLocation	NA
chr6	82740080	82740332	253	*	c("macs_DMSO1__DMSO_1_new_peak_4397", "macs_DMSO2__DMSO_2_new_peak_4409")	267	ENSG00000226453	82633198	82653197	-	upstream	-86883	86883	NearestLocation	NA
chr6	97861896	97862131	236	*	c("macs_DMSO1__DMSO_1_new_peak_4412", "macs_DMSO2__DMSO_2_new_peak_4424")	268	ENSG00000146263	97721087	97741086	-	upstream	-120810	120810	NearestLocation	MMS22L
chr6	116451747	116451985	239	*	c("macs_DMSO1__DMSO_1_new_peak_4456", "macs_DMSO2__DMSO_2_new_peak_4468")	269	ENSG00000234188	116432321	116452320	+	inside	19426	335	Overlapping	NA
chr6	116451747	116451985	239	*	c("macs_DMSO1__DMSO_1_new_peak_4456", "macs_DMSO2__DMSO_2_new_peak_4468")	269	ENSG00000218428	116448736	116468735	-	inside	16988	3011	NearestLocation	NA
chr6	126312843	126313133	291	*	c("macs_DMSO1__DMSO_1_new_peak_4479", "macs_DMSO2__DMSO_2_new_peak_4494")	270	ENSG00000241414	126291081	126311080	-	upstream	-1763	1763	NearestLocation	NA
chr6	126312843	126313133	291	*	c("macs_DMSO1__DMSO_1_new_peak_4479", "macs_DMSO2__DMSO_2_new_peak_4494")	270	ENSG00000066651	126297577	126317576	+	inside	15266	4443	Overlapping	TRMT11
chr6	127784303	127784494	192	*	c("macs_DMSO1__DMSO_1_new_peak_4484", "macs_DMSO2__DMSO_2_new_peak_4499")	271	ENSG00000220522	127728089	127748088	-	upstream	-36215	36215	NearestLocation	NA
chr6	130266668	130266949	282	*	c("macs_DMSO1__DMSO_1_new_peak_4486", "macs_DMSO2__DMSO_2_new_peak_4502")	272	ENSG00000198945	130329735	130349734	+	upstream	-63067	62786	NearestLocation	L3MBTL3
chr6	131255029	131255314	286	*	c("macs_DMSO1__DMSO_1_new_peak_4492", "macs_DMSO2__DMSO_2_new_peak_4508")	273	ENSG00000225524	131358497	131378496	-	downstream	123467	103183	NearestLocation	NA
chr6	132578692	132579008	317	*	c("macs_DMSO1__DMSO_1_new_peak_4500", "macs_DMSO2__DMSO_2_new_peak_4517")	274	ENSG00000223912	132583122	132603121	+	upstream	-4430	4114	NearestLocation	NA
chr6	135575597	135575834	238	*	c("macs_DMSO2__DMSO_2_new_peak_4529", "macs_DMSO1__DMSO_1_new_peak_4513")	275	ENSG00000224374	135571135	135591134	+	inside	4462	4462	NearestLocation	NA
chr6	142597510	142597786	277	*	c("macs_DMSO1__DMSO_1_new_peak_4537", "macs_DMSO2__DMSO_2_new_peak_4550")	276	ENSG00000237494	142570770	142590769	-	upstream	-6741	6741	NearestLocation	NA
chr6	145588362	145588580	219	*	c("macs_DMSO1__DMSO_1_new_peak_4554", "macs_DMSO2__DMSO_2_new_peak_4563")	277	ENSG00000221796	145659895	145679894	+	upstream	-71533	71315	NearestLocation	NA
chr6	146207415	146207788	374	*	c("macs_DMSO1__DMSO_1_new_peak_4555", "macs_DMSO2__DMSO_2_new_peak_4564")	278	ENSG00000246035	146206173	146226172	+	inside	1242	1242	NearestLocation	NA
chr6	169319934	169320164	231	*	c("macs_DMSO2__DMSO_2_new_peak_4618", "macs_DMSO1__DMSO_1_new_peak_4610")	279	ENSG00000225879	169354437	169374436	-	downstream	54502	34273	NearestLocation	NA
chr7	3559874	3560122	249	*	c("macs_DMSO1__DMSO_1_new_peak_4617", "macs_DMSO2__DMSO_2_new_peak_4621")	280	ENSG00000211544	3448700	3468699	+	downstream	111174	91175	NearestLocation	NA
chr7	12936604	12936857	254	*	c("macs_DMSO2__DMSO_2_new_peak_4650", "macs_DMSO1__DMSO_1_new_peak_4647")	281	ENSG00000222974	12906310	12926309	+	downstream	30294	10295	NearestLocation	NA
chr7	12936604	12936857	254	*	c("macs_DMSO2__DMSO_2_new_peak_4650", "macs_DMSO1__DMSO_1_new_peak_4647")	281	ENSG00000243529	12906310	12926309	+	downstream	30294	10295	NearestLocation	NA
chr7	14977901	14978103	203	*	c("macs_DMSO2__DMSO_2_new_peak_4658", "macs_DMSO1__DMSO_1_new_peak_4653")	282	ENSG00000136267	15004403	15024402	-	downstream	46501	26300	NearestLocation	DGKB
chr7	35656700	35656913	214	*	c("macs_DMSO2__DMSO_2_new_peak_4721", "macs_DMSO1__DMSO_1_new_peak_4710")	283	ENSG00000245327	35694216	35714215	+	upstream	-37516	37303	NearestLocation	NA
chr7	36204019	36204269	251	*	c("macs_DMSO2__DMSO_2_new_peak_4722", "macs_DMSO1__DMSO_1_new_peak_4712")	284	ENSG00000122547	36182759	36202758	+	downstream	21260	1261	NearestLocation	EEPD1
chr7	48334967	48335181	215	*	c("macs_DMSO2__DMSO_2_new_peak_4747", "macs_DMSO1__DMSO_1_new_peak_4732")	285	ENSG00000179869	48201056	48221055	+	downstream	133911	113912	NearestLocation	ABCA13
chr7	81039769	81040002	234	*	c("macs_DMSO1__DMSO_1_new_peak_4767", "macs_DMSO2__DMSO_2_new_peak_4785")	286	ENSG00000224134	81051048	81071047	+	upstream	-11279	11046	NearestLocation	NA
chr7	86789000	86789230	231	*	c("macs_DMSO2__DMSO_2_new_peak_4804", "macs_DMSO1__DMSO_1_new_peak_4787")	287	ENSG00000224046	86771737	86791736	-	inside	2736	2506	NearestLocation	LOC101927420
chr7	86789000	86789230	231	*	c("macs_DMSO2__DMSO_2_new_peak_4804", "macs_DMSO1__DMSO_1_new_peak_4787")	287	ENSG00000135164	86771678	86791677	+	inside	17322	2447	Overlapping	DMTF1
chr7	112212873	112213144	272	*	c("macs_DMSO1__DMSO_1_new_peak_4852", "macs_DMSO2__DMSO_2_new_peak_4867")	288	ENSG00000238252	112248127	112268126	+	upstream	-35254	34983	NearestLocation	NA
chr7	116763748	116763943	196	*	c("macs_DMSO1__DMSO_1_new_peak_4862", "macs_DMSO2__DMSO_2_new_peak_4878")	289	ENSG00000226367	116776535	116796534	-	downstream	32786	12592	NearestLocation	ST7-AS2
chr7	123766320	123766567	248	*	c("macs_DMSO1__DMSO_1_new_peak_4880", "macs_DMSO2__DMSO_2_new_peak_4898")	290	ENSG00000234224	123663524	123683523	-	upstream	-82797	82797	NearestLocation	TMEM229A
chr7	125167764	125168040	277	*	c("macs_DMSO1__DMSO_1_new_peak_4888", "macs_DMSO2__DMSO_2_new_peak_4906")	291	ENSG00000227869	125061402	125081401	+	downstream	106362	86363	NearestLocation	NA
chr7	137778795	137779025	231	*	c("macs_DMSO2__DMSO_2_new_peak_4929", "macs_DMSO1__DMSO_1_new_peak_4916")	292	ENSG00000240580	137765978	137785977	+	inside	12817	6952	Overlapping	NA
chr7	137778795	137779025	231	*	c("macs_DMSO2__DMSO_2_new_peak_4929", "macs_DMSO1__DMSO_1_new_peak_4916")	292	ENSG00000222514	137765985	137785984	+	inside	12810	6959	NearestLocation	NA
chr7	147276295	147276549	255	*	c("macs_DMSO2__DMSO_2_new_peak_4953", "macs_DMSO1__DMSO_1_new_peak_4938")	293	ENSG00000230190	147358804	147378803	+	upstream	-82509	82255	NearestLocation	LOC105375556
chr7	156696302	156696532	231	*	c("macs_DMSO1__DMSO_1_new_peak_4951", "macs_DMSO2__DMSO_2_new_peak_4964")	294	ENSG00000105983	156675925	156695924	-	upstream	-378	378	NearestLocation	LMBR1
chr8	17533015	17533271	257	*	c("macs_DMSO2__DMSO_2_new_peak_4987", "macs_DMSO1__DMSO_1_new_peak_4975")	295	ENSG00000212280	17595628	17615627	+	upstream	-62613	62357	NearestLocation	NA
chr8	25189687	25189913	227	*	c("macs_DMSO2__DMSO_2_new_peak_5015", "macs_DMSO1__DMSO_1_new_peak_5004")	296	ENSG00000245310	25275367	25295366	+	upstream	-85680	85454	NearestLocation	NA
chr8	26061946	26062242	297	*	c("macs_DMSO2__DMSO_2_new_peak_5019", "macs_DMSO1__DMSO_1_new_peak_5008")	297	ENSG00000221914	26139035	26159034	+	upstream	-77089	76793	NearestLocation	PPP2R2A
chr8	29184739	29185419	681	*	c("macs_DMSO1__DMSO_1_new_peak_5018", "macs_DMSO2__DMSO_2_new_peak_5025")	298	ENSG00000120875	29198191	29218190	-	downstream	33451	12772	NearestLocation	DUSP4
chr8	30461969	30462205	237	*	c("macs_DMSO2__DMSO_2_new_peak_5033", "macs_DMSO1__DMSO_1_new_peak_5025")	299	ENSG00000200319	30491207	30511206	+	upstream	-29238	29002	NearestLocation	NA
chr8	35574459	35574670	212	*	c("macs_DMSO1__DMSO_1_new_peak_5031", "macs_DMSO2__DMSO_2_new_peak_5039")	300	ENSG00000233863	35639366	35659365	+	upstream	-64907	64696	NearestLocation	NA
chr8	57366254	57366531	278	*	c("macs_DMSO2__DMSO_2_new_peak_5070", "macs_DMSO1__DMSO_1_new_peak_5064")	301	ENSG00000181195	57349283	57369282	-	inside	3028	2751	NearestLocation	PENK
chr8	62947969	62948363	395	*	c("macs_DMSO2__DMSO_2_new_peak_5083", "macs_DMSO1__DMSO_1_new_peak_5078")	302	ENSG00000237810	63047235	63067234	-	downstream	119265	98872	NearestLocation	NA
chr8	67732659	67732941	283	*	c("macs_DMSO1__DMSO_1_new_peak_5086", "macs_DMSO2__DMSO_2_new_peak_5093")	303	ENSG00000178460	67772985	67792984	+	upstream	-40326	40044	NearestLocation	MCMDC2
chr8	72253767	72254065	299	*	c("macs_DMSO2__DMSO_2_new_peak_5101", "macs_DMSO1__DMSO_1_new_peak_5093")	304	ENSG00000104313	72264468	72284467	-	downstream	30700	10403	NearestLocation	EYA1
chr8	76230140	76230433	294	*	c("macs_DMSO1__DMSO_1_new_peak_5098", "macs_DMSO2__DMSO_2_new_peak_5106")	305	ENSG00000164749	76310150	76330149	+	upstream	-80010	79717	NearestLocation	HNF4G
chr8	81293512	81293728	217	*	c("macs_DMSO2__DMSO_2_new_peak_5126", "macs_DMSO1__DMSO_1_new_peak_5114")	306	ENSG00000206649	81219305	81239304	-	upstream	-54208	54208	NearestLocation	NA
chr8	83888910	83889120	211	*	c("macs_DMSO2__DMSO_2_new_peak_5139", "macs_DMSO1__DMSO_1_new_peak_5124")	307	ENSG00000206228	83194618	83214617	-	upstream	-674293	674293	NearestLocation	NA
chr8	87849373	87849623	251	*	c("macs_DMSO1__DMSO_1_new_peak_5138", "macs_DMSO2__DMSO_2_new_peak_5153")	308	ENSG00000170289	87745902	87765901	-	upstream	-83472	83472	NearestLocation	CNGB3
chr8	90488917	90489177	261	*	c("macs_DMSO1__DMSO_1_new_peak_5145", "macs_DMSO2__DMSO_2_new_peak_5157")	309	ENSG00000104312	90759976	90779975	+	upstream	-271059	270799	NearestLocation	RIPK2
chr8	92320907	92321149	243	*	c("macs_DMSO2__DMSO_2_new_peak_5162", "macs_DMSO1__DMSO_1_new_peak_5149")	310	ENSG00000147606	92251517	92271516	+	downstream	69390	49391	NearestLocation	SLC26A7
chr8	96003387	96003642	256	*	c("macs_DMSO1__DMSO_1_new_peak_5154", "macs_DMSO2__DMSO_2_new_peak_5170")	311	ENSG00000164938	95951616	95971615	-	upstream	-31772	31772	NearestLocation	TP53INP1
chr8	123740815	123741037	223	*	c("macs_DMSO2__DMSO_2_new_peak_5209", "macs_DMSO1__DMSO_1_new_peak_5201")	312	ENSG00000235165	123771514	123791513	+	upstream	-30699	30477	NearestLocation	NA
chr8	125866559	125866996	438	*	c("macs_DMSO1__DMSO_1_new_peak_5206", "macs_DMSO2__DMSO_2_new_peak_5212")	313	ENSG00000235517	125867708	125887707	-	downstream	21148	712	NearestLocation	NA
chr8	134836985	134837292	308	*	c("macs_DMSO1__DMSO_1_new_peak_5222", "macs_DMSO2__DMSO_2_new_peak_5224")	314	ENSG00000241934	134758011	134778010	-	upstream	-58975	58975	NearestLocation	NA
chr8	142238580	142238847	268	*	c("macs_DMSO1__DMSO_1_new_peak_5224", "macs_DMSO2__DMSO_2_new_peak_5227")	315	ENSG00000235607	142207275	142227274	+	downstream	31305	11306	NearestLocation	NA
chr9	2178430	2178616	187	*	c("macs_DMSO2__DMSO_2_new_peak_5234", "macs_DMSO1__DMSO_1_new_peak_5231")	316	ENSG00000222973	2152954	2172953	-	upstream	-5477	5477	NearestLocation	NA
chr9	2178430	2178616	187	*	c("macs_DMSO2__DMSO_2_new_peak_5234", "macs_DMSO1__DMSO_1_new_peak_5231")	316	ENSG00000245036	2164925	2184924	-	inside	6494	6308	Overlapping	NA
chr9	2500708	2500973	266	*	c("macs_DMSO1__DMSO_1_new_peak_5234", "macs_DMSO2__DMSO_2_new_peak_5237")	317	ENSG00000231052	2531098	2551097	+	upstream	-30390	30125	NearestLocation	NA
chr9	27436358	27436611	254	*	c("macs_DMSO2__DMSO_2_new_peak_5275", "macs_DMSO1__DMSO_1_new_peak_5273")	318	ENSG00000227975	27368943	27388942	-	upstream	-47416	47416	NearestLocation	NA
chr9	34674591	34674793	203	*	c("macs_DMSO1__DMSO_1_new_peak_5280", "macs_DMSO2__DMSO_2_new_peak_5285")	319	ENSG00000213927	34652690	34672689	-	upstream	-1902	1902	Overlapping	CCL27
chr9	34674591	34674793	203	*	c("macs_DMSO1__DMSO_1_new_peak_5280", "macs_DMSO2__DMSO_2_new_peak_5285")	319	ENSG00000187186	34656110	34676109	-	inside	1518	1316	NearestLocation	LOC730098
chr9	34674591	34674793	203	*	c("macs_DMSO1__DMSO_1_new_peak_5280", "macs_DMSO2__DMSO_2_new_peak_5285")	319	ENSG00000230074	34655663	34675662	+	inside	18928	869	Overlapping	NA
chr9	37056137	37056394	258	*	c("macs_DMSO1__DMSO_1_new_peak_5288", "macs_DMSO2__DMSO_2_new_peak_5291")	320	ENSG00000196092	37024477	37044476	-	upstream	-11661	11661	NearestLocation	PAX5
chr9	37056137	37056394	258	*	c("macs_DMSO1__DMSO_1_new_peak_5288", "macs_DMSO2__DMSO_2_new_peak_5291")	320	ENSG00000125385	37036833	37056832	+	inside	19304	438	Overlapping	NA
chr9	88669685	88670048	364	*	c("macs_DMSO1__DMSO_1_new_peak_5342", "macs_DMSO2__DMSO_2_new_peak_5354")	321	ENSG00000135052	88705089	88725088	-	downstream	55403	35041	NearestLocation	GOLM1
chr9	101904553	101904754	202	*	c("macs_DMSO1__DMSO_1_new_peak_5370", "macs_DMSO2__DMSO_2_new_peak_5381")	322	ENSG00000227269	101935656	101955655	+	upstream	-31103	30902	NearestLocation	NA
chr9	110195119	110195343	225	*	c("macs_DMSO1__DMSO_1_new_peak_5386", "macs_DMSO2__DMSO_2_new_peak_5391")	323	ENSG00000226825	110183084	110203083	-	inside	7964	7740	NearestLocation	NA
chr9	117381629	117381868	240	*	c("macs_DMSO1__DMSO_1_new_peak_5405", "macs_DMSO2__DMSO_2_new_peak_5411")	324	ENSG00000157693	117363487	117383486	+	inside	18142	1618	Overlapping	TMEM268
chr9	117381629	117381868	240	*	c("macs_DMSO1__DMSO_1_new_peak_5405", "macs_DMSO2__DMSO_2_new_peak_5411")	324	ENSG00000201749	117367849	117387848	-	inside	6219	5980	NearestLocation	NA
chr9	123541062	123541329	268	*	c("macs_DMSO2__DMSO_2_new_peak_5422", "macs_DMSO1__DMSO_1_new_peak_5415")	325	ENSG00000119402	123545691	123565690	-	downstream	24628	4362	Overlapping	FBXW2
chr9	123541062	123541329	268	*	c("macs_DMSO2__DMSO_2_new_peak_5422", "macs_DMSO1__DMSO_1_new_peak_5415")	325	ENSG00000214654	123545830	123565829	+	upstream	-4768	4501	NearestLocation	NA
chr9	123705077	123705264	188	*	c("macs_DMSO1__DMSO_1_new_peak_5418", "macs_DMSO2__DMSO_2_new_peak_5425")	326	ENSG00000056558	123681048	123701047	-	upstream	-4030	4030	NearestLocation	TRAF1
chr9	125810698	125810943	246	*	c("macs_DMSO1__DMSO_1_new_peak_5421", "macs_DMSO2__DMSO_2_new_peak_5429")	327	ENSG00000213216	125782033	125802032	-	upstream	-8666	8666	NearestLocation	NA
chr9	125810698	125810943	246	*	c("macs_DMSO1__DMSO_1_new_peak_5421", "macs_DMSO2__DMSO_2_new_peak_5429")	327	ENSG00000188394	125785930	125805929	+	downstream	24768	4769	Overlapping	NA
chr9	125810698	125810943	246	*	c("macs_DMSO1__DMSO_1_new_peak_5421", "macs_DMSO2__DMSO_2_new_peak_5429")	327	ENSG00000225078	125815592	125835591	-	downstream	24893	4649	Overlapping	NA
chr9	126082319	126082548	230	*	c("macs_DMSO1__DMSO_1_new_peak_5422", "macs_DMSO2__DMSO_2_new_peak_5432")	328	ENSG00000148204	126108450	126128449	+	upstream	-26131	25902	NearestLocation	CRB2
chr9	127153252	127153621	370	*	c("macs_DMSO1__DMSO_1_new_peak_5427", "macs_DMSO2__DMSO_2_new_peak_5437")	329	ENSG00000136930	127167724	127187723	-	downstream	34471	14103	NearestLocation	PSMB7
chr9	127436326	127436534	209	*	c("macs_DMSO2__DMSO_2_new_peak_5438", "macs_DMSO1__DMSO_1_new_peak_5428")	330	ENSG00000229850	127422492	127442491	-	inside	6165	5957	NearestLocation	NA
chr9	128103856	128104081	226	*	c("macs_DMSO2__DMSO_2_new_peak_5440", "macs_DMSO1__DMSO_1_new_peak_5429")	331	ENSG00000200554	128056306	128076305	-	upstream	-27551	27551	NearestLocation	NA
chr9	128355961	128356139	179	*	c("macs_DMSO2__DMSO_2_new_peak_5443", "macs_DMSO1__DMSO_1_new_peak_5432")	332	ENSG00000214761	128347949	128367948	+	inside	8012	8012	NearestLocation	NA
chr9	128457376	128457603	228	*	c("macs_DMSO1__DMSO_1_new_peak_5433", "macs_DMSO2__DMSO_2_new_peak_5444")	333	ENSG00000119487	128459514	128479513	-	downstream	22137	1911	NearestLocation	MAPKAP1
chrX	9289058	9289366	309	*	c("macs_DMSO2__DMSO_2_new_peak_5467", "macs_DMSO1__DMSO_1_new_peak_5456")	334	ENSG00000241422	9359858	9379857	+	upstream	-70800	70492	NearestLocation	NA
chrX	15376501	15376706	206	*	c("macs_DMSO1__DMSO_1_new_peak_5467", "macs_DMSO2__DMSO_2_new_peak_5478")	335	ENSG00000165195	15343661	15363660	-	upstream	-12841	12841	NearestLocation	PIGA
chrX	20263430	20263685	256	*	c("macs_DMSO1__DMSO_1_new_peak_5471", "macs_DMSO2__DMSO_2_new_peak_5480")	336	ENSG00000177189	20275219	20295218	-	downstream	31788	11534	NearestLocation	RPS6KA3
chrX	24108943	24109227	285	*	c("macs_DMSO1__DMSO_1_new_peak_5478", "macs_DMSO2__DMSO_2_new_peak_5488")	337	ENSG00000240556	24081380	24101379	+	downstream	27563	7564	NearestLocation	NA
chrX	28908049	28908243	195	*	c("macs_DMSO1__DMSO_1_new_peak_5483", "macs_DMSO2__DMSO_2_new_peak_5496")	338	ENSG00000201666	28932182	28952181	+	upstream	-24133	23939	NearestLocation	NA
chrX	41822445	41822707	263	*	c("macs_DMSO1__DMSO_1_new_peak_5492", "macs_DMSO2__DMSO_2_new_peak_5509")	339	ENSG00000147044	41772717	41792716	-	upstream	-29729	29729	NearestLocation	CASK
chrX	86740831	86741058	228	*	c("macs_DMSO2__DMSO_2_new_peak_5542", "macs_DMSO1__DMSO_1_new_peak_5521")	340	ENSG00000102271	86762753	86782752	+	upstream	-21922	21695	NearestLocation	KLHL4
chrX	95140190	95140420	231	*	c("macs_DMSO1__DMSO_1_new_peak_5525", "macs_DMSO2__DMSO_2_new_peak_5547")	341	ENSG00000232842	95219314	95239313	-	downstream	99123	78894	NearestLocation	NA
chrX	118594363	118594603	241	*	c("macs_DMSO1__DMSO_1_new_peak_5548", "macs_DMSO2__DMSO_2_new_peak_5573")	342	ENSG00000224281	118593062	118613061	-	inside	18698	1301	Overlapping	SLC25A5-AS1
chrX	118594363	118594603	241	*	c("macs_DMSO1__DMSO_1_new_peak_5548", "macs_DMSO2__DMSO_2_new_peak_5573")	342	ENSG00000005022	118592364	118612363	+	inside	1999	1999	NearestLocation	SLC25A5
chrX	131439041	131439234	194	*	c("macs_DMSO2__DMSO_2_new_peak_5591", "macs_DMSO1__DMSO_1_new_peak_5564")	343	ENSG00000123728	131343472	131363471	-	upstream	-75570	75570	NearestLocation	RAP2C
chrX	141363644	141363905	262	*	c("macs_DMSO1__DMSO_1_new_peak_5574", "macs_DMSO2__DMSO_2_new_peak_5597")	344	ENSG00000046774	141283077	141303076	-	upstream	-60568	60568	NearestLocation	MAGEC2
chrX	147147861	147148081	221	*	c("macs_DMSO1__DMSO_1_new_peak_5577", "macs_DMSO2__DMSO_2_new_peak_5602")	345	ENSG00000219507	147123585	147143584	+	downstream	24276	4277	NearestLocation	NA
chrX	151269920	151270111	192	*	c("macs_DMSO1__DMSO_1_new_peak_5580", "macs_DMSO2__DMSO_2_new_peak_5604")	346	ENSG00000242520	151274013	151294012	-	downstream	24092	3902	NearestLocation	NA
